account.account_id,1839,1124
account.account_id,1840,1090
account.account_id,1841,1088
account.account_id,1846,1137
account.account_id,1847,1139
account.account_id,1848,1094
account.account_id,1843,1141
account.account_id,1844,1064
account.account_id,1845,1119
account.account_id,1851,1075
account.account_id,1852,1086
account.account_id,1857,1118
account.account_id,1858,1146
account.account_id,1859,1084
account.account_id,1853,1058
account.account_id,1854,1124
account.account_id,1855,1090
account.account_id,1856,1125
account.account_id,1860,1088
account.account_id,1861,1063
account.account_id,1862,1143
account.district_name,Sumperk,61364
account.account_id,1863,1112
account.account_id,1868,1067
account.account_id,1869,1076
account.account_id,1865,1131
account.account_id,1866,1083
account.account_id,1867,1062
account.account_id,1871,1039
account.account_id,1872,1095
account.account_id,1874,1090
account.account_id,1870,1104
account.account_id,1879,1066
account.account_id,1875,1145
account.account_id,1876,1099
account.account_id,1877,1130
account.account_id,1878,1170
account.account_id,4071,1147
account.account_id,4078,1097
account.account_id,4079,1116
account.account_id,1802,1093
account.account_id,1803,1174
account.account_id,1804,1068
account.account_id,1805,1102
account.account_id,1800,1056
account.account_id,1801,1056
account.account_id,1806,1152
account.account_id,1807,1093
account.account_id,1808,1086
account.account_id,1809,1174
account.account_id,4088,1104
account.account_id,4086,1075
account.district_name,Karvina,168875
account.account_id,4081,1128
account.account_id,4082,1167
account.account_id,1813,1074
account.account_id,1814,1131
account.account_id,1815,1120
account.account_id,1816,1140
account.account_id,1810,1075
account.account_id,1811,1093
account.account_id,1812,1139
account.account_id,4090,1100
account.account_id,4091,1167
account.account_id,1817,1116
account.account_id,1818,1095
account.account_id,1819,1128
account.account_id,10607,1093
account.account_id,4099,1087
account.account_id,4092,1166
account.account_id,4093,1152
date.Day,1993-06-05,2423
date.Day,1993-06-06,2548
date.Day,1993-06-03,2526
date.Day,1993-06-04,2411
date.Day,1993-06-01,2474
date.Day,1993-06-02,2438
account.account_id,1824,1103
account.account_id,1825,1095
account.account_id,1826,1102
account.account_id,1827,1110
account.account_id,1820,1105
date.Day,1993-06-09,2437
account.account_id,1821,1139
account.account_id,1822,1117
date.Day,1993-06-07,2442
account.account_id,1823,1163
date.Day,1993-06-08,2427
account.account_id,1828,1158
account.account_id,1829,1096
status.SK_status,4,1249971
account.account_id,1830,1124
account.account_id,1835,1102
account.account_id,1836,1064
account.account_id,1837,1197
account.district_name,Hradec Kralove,54422
account.account_id,1838,1133
account.account_id,1831,1069
status.SK_status,1,1249710
account.account_id,1832,1114
account.account_id,1833,1069
status.SK_status,3,1249472
account.account_id,1834,1095
status.SK_status,2,1250847
date.SK_Day,19930122,2474
date.SK_Day,19930121,2438
date.SK_Day,19930120,2445
account.account_id,4033,1121
account.account_id,5362,1099
date.Day,1993-06-27,2490
date.Day,1993-06-28,2413
account.account_id,5369,1113
date.Day,1993-06-25,2440
date.Day,1993-06-26,2576
account.account_id,6699,1155
date.Day,1993-06-23,2496
date.Day,1993-06-24,2501
account.account_id,4034,1078
date.Day,1993-06-21,2393
account.account_id,5366,1121
account.account_id,4035,1077
date.Day,1993-06-22,2542
date.SK_Day,19930126,2490
date.SK_Day,19930125,2563
date.SK_Day,19930124,2467
date.SK_Day,19930123,2465
date.SK_Day,19930128,2477
date.SK_Day,19930127,2451
date.Day,1993-06-20,2489
account.account_id,5372,1067
date.Day,1993-06-16,2445
date.Day,1993-06-17,2495
date.Day,1993-06-14,2487
date.Day,1993-06-15,2415
account.account_id,4047,1080
date.Day,1993-06-12,2496
date.Day,1993-06-13,2530
date.Day,1993-06-10,2521
date.Day,1993-06-11,2513
account.account_id,10613,1147
date.Day,1993-06-18,2504
date.Day,1993-06-19,2494
account.account_id,5385,1196
date.SK_Day,19980403,2440
account.account_id,4055,1095
date.SK_Day,19980404,2423
account.account_id,4052,1181
date.SK_Day,19980401,2518
date.SK_Day,19980402,2458
date.SK_Day,19980407,2491
date.SK_Day,19980408,2507
date.SK_Day,19980405,2464
date.SK_Day,19980406,2431
date.SK_Day,19930109,2525
account.account_id,4059,1102
account.account_id,5387,1131
date.SK_Day,19930104,2527
date.SK_Day,19930103,2561
date.SK_Day,19930102,2499
date.SK_Day,19930101,2450
account.account_id,10644,1126
date.SK_Day,19930108,2503
account.account_id,10645,1100
date.SK_Day,19930107,2489
date.SK_Day,19930106,2460
date.SK_Day,19930105,2522
date.SK_Day,19980410,2433
date.SK_Day,19930111,2394
date.SK_Day,19980411,2489
date.SK_Day,19930110,2426
date.SK_Day,19980414,2471
account.account_id,4066,1046
date.SK_Day,19980415,2455
date.SK_Day,19980412,2409
account.account_id,5395,1050
date.SK_Day,19980413,2459
date.SK_Day,19980418,2547
date.SK_Day,19980419,2401
date.SK_Day,19980416,2491
date.SK_Day,19980417,2517
account.account_id,10630,1112
date.SK_Day,19980409,2523
account.account_id,4069,1148
date.SK_Day,19930115,2433
date.SK_Day,19930114,2446
date.SK_Day,19930113,2426
date.SK_Day,19930112,2462
date.SK_Day,19930119,2473
date.SK_Day,19930118,2447
date.SK_Day,19930117,2441
date.SK_Day,19930116,2480
account.account_id,10663,1107
account.account_id,4000,1091
account.account_id,7990,1140
account.account_id,10652,1111
account.account_id,4008,1141
account.account_id,10650,1077
account.account_id,7997,1129
account.account_id,4003,1130
account.account_id,4001,1110
account.account_id,10656,1075
account.account_id,4009,1096
date.Day,1995-07-01,2480
date.Day,1995-07-05,2442
date.Day,1995-07-04,2418
date.Day,1995-07-03,2523
date.Day,1995-07-02,2476
account.account_id,4010,1117
date.Day,1995-07-09,2589
date.Day,1995-07-08,2556
date.Day,1995-07-07,2469
date.Day,1995-07-06,2502
account.account_id,6678,1070
account.account_id,4014,1055
account.account_id,5343,1119
account.account_id,4013,1092
date.Day,1995-07-12,2545
date.Day,1995-07-11,2450
date.Day,1995-07-10,2519
date.Day,1995-07-16,2623
date.Day,1995-07-15,2506
date.Day,1995-07-14,2430
date.Day,1995-07-13,2447
date.Day,1995-07-19,2474
date.Day,1995-07-18,2402
date.Day,1995-07-17,2533
account.account_id,5358,1146
account.account_id,6688,1133
account.account_id,5357,1097
account.account_id,4026,1127
account.account_id,10670,1117
account.account_id,6686,1086
account.account_id,10679,1136
date.Day,1995-07-23,2536
date.Month,1997-11,69470
date.Day,1995-07-22,2447
date.Month,1997-12,69873
date.Day,1995-07-21,2479
date.Day,1995-07-20,2538
date.Day,1995-07-27,2496
date.Day,1995-07-26,2433
date.Day,1995-07-25,2537
date.Day,1995-07-24,2481
date.Day,1995-07-28,2475
date.Month,1997-10,69397
account.account_id,6738,1129
date.Month,1997-01,69311
date.Month,1997-02,69076
date.Month,1997-03,69204
date.Month,1997-04,69749
date.Month,1997-05,69622
date.Month,1997-06,69451
date.Month,1997-07,69696
date.Day,1998-09-25,2422
date.Day,1998-09-26,2481
date.Day,1998-09-23,2476
account.account_id,10694,1133
date.Day,1998-09-24,2375
date.Day,1998-09-21,2423
date.Day,1998-09-22,2339
date.Day,1998-09-20,2372
date.Month,1997-08,69182
date.Month,1997-09,69386
date.Day,1998-09-27,2521
date.Day,1998-09-28,2468
date.Day,1998-10-10,2520
date.Day,1998-10-11,2479
date.Day,1998-10-12,2557
date.Day,1998-10-13,2415
date.Day,1998-10-14,2509
date.Day,1998-10-15,2458
date.Day,1998-10-16,2450
date.Day,1998-10-17,2543
account.account_id,5422,1111
date.Day,1998-10-18,2456
account.account_id,5423,1131
date.Day,1998-10-19,2506
account.account_id,5428,1064
account.account_id,5429,1111
date.Day,1998-10-20,2489
date.Day,1998-10-21,2481
date.Day,1998-10-22,2505
date.Day,1998-10-23,2454
date.Day,1998-10-24,2530
date.Day,1998-10-25,2459
date.Day,1998-10-26,2470
date.Day,1998-10-27,2508
account.account_id,4105,1086
date.Day,1998-10-28,2482
account.account_id,4102,1070
account.account_id,4103,1119
account.account_id,4109,1098
account.district_name,Litomerice,41253
date.SK_Day,19980421,2451
date.SK_Day,19980422,2430
date.SK_Day,19980420,2526
date.SK_Day,19980425,2418
date.SK_Day,19980426,2417
date.SK_Day,19980423,2538
date.SK_Day,19980424,2443
date.SK_Day,19980427,2572
date.SK_Day,19980428,2426
date.SK_Day,19950612,2463
date.SK_Day,19950611,2572
date.SK_Day,19950610,2473
date.SK_Day,19950619,2480
date.SK_Day,19950618,2462
date.SK_Day,19950617,2509
date.SK_Day,19950616,2462
date.SK_Day,19950615,2510
date.SK_Day,19950614,2433
date.SK_Day,19950613,2481
date.Day,1998-10-01,2538
date.Day,1998-10-02,2393
date.SK_Day,19950601,2387
date.Day,1998-10-03,2460
date.Day,1998-10-04,2443
account.account_id,6701,1121
date.Day,1998-10-05,2488
date.Day,1998-10-06,2455
date.Day,1998-10-07,2532
date.Day,1998-10-08,2544
date.Day,1998-10-09,2484
date.SK_Day,19950609,2515
date.SK_Day,19950608,2491
date.SK_Day,19950607,2531
date.SK_Day,19950606,2532
date.SK_Day,19950605,2531
account.account_id,6706,1090
date.SK_Day,19950604,2470
date.SK_Day,19950603,2533
date.SK_Day,19950602,2456
date.Day,1998-09-14,2521
date.Day,1998-09-15,2492
date.Day,1998-09-12,2446
date.Day,1998-09-13,2456
date.Day,1998-09-10,2447
date.Day,1998-09-11,2501
date.Day,1998-09-18,2492
date.Day,1998-09-19,2524
date.Day,1998-09-16,2416
account.account_id,6715,1052
date.Day,1998-09-17,2512
date.Day,1998-09-03,2426
date.Day,1998-09-04,2548
date.Day,1998-09-01,2416
date.Day,1998-09-02,2430
date.Day,1998-09-09,2541
date.Day,1998-09-07,2447
date.Day,1998-09-08,2561
date.Day,1998-09-05,2517
date.Day,1998-09-06,2451
account.region,east Bohemia,604676
account.district_name,Kladno,52926
date.SK_Day,19950623,2481
date.SK_Day,19950622,2489
date.SK_Day,19950621,2508
date.SK_Day,19950620,2532
date.SK_Day,19950628,2463
date.SK_Day,19950627,2481
date.SK_Day,19950626,2427
date.SK_Day,19950625,2478
date.SK_Day,19950624,2571
date.Day,1996-02-21,2497
date.Day,1996-02-20,2495
date.Day,1996-02-28,2433
date.Day,1996-02-27,2514
date.Day,1996-02-26,2533
date.Day,1996-02-25,2486
date.Day,1996-02-24,2499
date.Day,1996-02-23,2523
date.Day,1996-02-22,2486
account.account_id,1882,1103
account.account_id,1884,1142
account.account_id,1885,1096
account.account_id,1880,1095
account.account_id,1881,1173
account.account_id,1886,1068
account.account_id,1887,1060
account.account_id,1888,1109
account.account_id,1889,1040
date.Day,1996-02-10,2428
date.Day,1996-02-18,2517
date.Day,1996-02-17,2588
date.Day,1996-02-16,2457
date.Day,1996-02-15,2573
date.Day,1996-02-14,2584
date.Day,1996-02-13,2504
date.Day,1996-02-12,2453
date.Day,1996-02-11,2490
account.account_id,1893,1083
account.account_id,1894,1097
account.account_id,1895,1138
account.account_id,1896,1036
account.account_id,1890,1139
account.account_id,1891,1148
account.account_id,1892,1081
date.Day,1996-02-19,2496
account.account_id,1897,1079
account.account_id,1898,1185
account.account_id,1899,1070
date.Day,1996-02-07,2457
date.Day,1996-02-06,2445
date.Day,1996-02-05,2493
date.Day,1996-02-04,2511
date.Day,1996-02-03,2464
date.Day,1996-02-02,2440
date.Day,1996-02-01,2498
date.Day,1996-02-09,2516
date.Day,1996-02-08,2490
account.account_id,1960,1123
account.account_id,1961,1121
account.account_id,1962,1113
account.account_id,1967,1158
account.account_id,1968,1072
account.account_id,1969,1148
account.account_id,1963,1101
account.account_id,1964,1095
account.account_id,1965,1129
account.account_id,1966,1142
account.account_id,1970,1102
account.account_id,1971,1144
account.account_id,1972,1087
account.account_id,1973,1156
account.account_id,1978,1119
account.account_id,1979,1101
account.account_id,1974,1098
account.account_id,1975,1087
account.account_id,1976,1115
account.account_id,1977,1118
account.account_id,1981,1179
account.account_id,1982,1079
account.account_id,1983,1095
account.account_id,1984,1033
account.account_id,1980,1119
account.account_id,1989,1110
account.account_id,1985,1041
account.account_id,1986,1029
account.account_id,1987,1111
account.account_id,1988,1094
account.account_id,1992,1098
account.account_id,1993,1091
account.account_id,1994,1087
account.account_id,1995,1082
account.account_id,1990,1046
account.account_id,1991,1099
account.account_id,1996,1119
account.account_id,1997,1101
account.account_id,1998,1077
account.account_id,1999,1111
account.account_id,4190,1133
account.account_id,1916,1142
account.account_id,1917,1134
account.account_id,1918,1103
account.account_id,1919,1127
account.account_id,4195,1101
date.SK_Day,19930209,2475
date.SK_Day,19930208,2465
date.SK_Day,19930203,2437
account.account_id,1924,1095
date.SK_Day,19930202,2506
account.account_id,1925,1026
date.SK_Day,19930201,2532
account.account_id,1926,1102
date.SK_Day,19930207,2467
account.account_id,1920,1112
date.SK_Day,19930206,2534
account.account_id,1921,1093
date.SK_Day,19930205,2528
account.account_id,1922,1058
date.SK_Day,19930204,2428
account.account_id,1927,1118
date.SK_Day,19930210,2507
account.account_id,1928,1068
account.account_id,1929,1138
date.SK_Day,19930219,2460
account.account_id,1934,1078
date.SK_Day,19930214,2500
account.account_id,1935,1159
date.SK_Day,19930213,2537
account.account_id,1936,1165
date.SK_Day,19930212,2492
account.account_id,1937,1075
date.SK_Day,19930211,2557
account.account_id,1930,1076
date.SK_Day,19930218,2428
account.account_id,1931,1085
date.SK_Day,19930217,2446
account.account_id,1932,1188
date.SK_Day,19930216,2546
account.account_id,1933,1093
date.SK_Day,19930215,2481
account.account_id,1938,1053
account.account_id,1939,1087
account.account_id,1940,1086
account.account_id,1945,1110
account.account_id,1946,1142
account.account_id,1947,1134
account.account_id,1948,1145
account.account_id,1941,1125
account.account_id,1943,1110
account.account_id,1944,1103
account.account_id,1949,1156
account.account_id,1950,1107
account.account_id,1951,1124
account.account_id,1956,1081
account.account_id,1957,1117
account.account_id,1958,1157
account.account_id,1959,1132
account.account_id,1952,1073
account.account_id,1953,1103
account.account_id,1954,1106
account.account_id,1955,1110
date.SK_Day,19980502,2464
date.SK_Day,19980503,2474
account.account_id,5483,1125
date.SK_Day,19980501,2407
date.SK_Day,19980506,2487
account.account_id,5481,1141
account.account_id,4150,1131
date.SK_Day,19980507,2564
date.SK_Day,19980504,2534
date.SK_Day,19980505,2493
account.account_id,4159,1146
date.Day,1997-08-10,2606
date.Day,1997-08-11,2445
date.Day,1997-08-12,2476
account.account_id,4158,1092
date.Day,1997-08-13,2475
date.Day,1997-08-14,2531
account.account_id,4156,1099
date.Day,1997-08-15,2476
date.Day,1997-08-16,2584
date.Day,1997-08-17,2456
date.Day,1997-08-18,2541
date.Day,1997-08-19,2408
date.SK_Day,19980510,2407
date.SK_Day,19980513,2469
date.SK_Day,19980514,2466
date.SK_Day,19980511,2484
date.SK_Day,19980512,2543
date.SK_Day,19980517,2421
account.account_id,4161,1149
date.SK_Day,19980518,2419
date.SK_Day,19980515,2354
date.SK_Day,19980516,2528
date.Day,1997-08-20,2522
date.SK_Day,19980508,2447
date.Day,1997-08-21,2334
date.SK_Day,19980509,2456
date.Day,1997-08-22,2489
date.Day,1997-08-23,2494
date.Day,1997-08-24,2514
date.Day,1997-08-25,2519
account.district_name,Tachov,55290
date.Day,1997-08-26,2417
date.Day,1997-08-27,2421
date.Day,1997-08-28,2470
date.Day,1996-08-28,2473
date.SK_Day,19980520,2477
date.SK_Day,19930221,2439
date.SK_Day,19980521,2474
date.SK_Day,19930220,2548
date.SK_Day,19980524,2496
date.Day,1996-08-21,2516
date.SK_Day,19980525,2567
date.Day,1996-08-20,2392
account.account_id,4173,1137
date.SK_Day,19980522,2527
date.Day,1996-08-23,2421
date.SK_Day,19980523,2361
date.Day,1996-08-22,2413
account.account_id,4171,1088
date.SK_Day,19980528,2493
date.Day,1996-08-25,2482
date.Day,1996-08-24,2567
date.SK_Day,19980526,2476
date.Day,1996-08-27,2497
date.SK_Day,19980527,2436
date.Day,1996-08-26,2580
account.account_id,10520,1094
date.SK_Day,19980519,2522
account.account_id,1901,1158
date.SK_Day,19930225,2464
account.account_id,1902,1140
date.SK_Day,19930224,2513
account.account_id,1903,1058
date.SK_Day,19930223,2418
account.account_id,1904,1088
date.SK_Day,19930222,2517
date.SK_Day,19930228,2346
date.SK_Day,19930227,2392
account.account_id,1900,1100
date.SK_Day,19930226,2469
account.account_id,1909,1093
date.Day,1996-08-18,2487
date.Day,1996-08-17,2498
date.Day,1996-08-19,2425
account.account_id,1905,1131
account.account_id,1906,1066
account.account_id,1907,1131
account.account_id,1908,1136
account.account_id,4186,1113
date.Day,1996-08-10,2527
date.Day,1996-08-12,2425
date.Day,1996-08-11,2459
date.Day,1996-08-14,2454
date.Day,1996-08-13,2583
date.Day,1996-08-16,2454
date.Day,1996-08-15,2474
date.Day,1997-08-01,2465
date.Day,1997-08-02,2533
date.Day,1997-08-03,2513
date.Day,1997-08-04,2492
account.account_id,1912,1121
date.Day,1997-08-05,2455
account.account_id,1913,1102
date.Day,1997-08-06,2476
account.account_id,1914,1096
date.Day,1997-08-07,2400
account.account_id,1915,1076
date.Day,1997-08-08,2434
date.Day,1997-08-09,2429
account.account_id,1910,1123
account.account_id,1911,1115
date.Day,1996-08-07,2538
date.Day,1996-08-06,2472
date.Day,1996-08-09,2437
date.Day,1996-08-08,2367
date.Day,1996-08-01,2492
date.Day,1996-08-03,2527
date.Day,1996-08-02,2407
date.Day,1996-08-05,2457
date.Day,1996-08-04,2505
account.account_id,4116,1144
account.account_id,5445,1130
account.account_id,5442,1050
account.account_id,4119,1162
account.account_id,4121,1097
account.account_id,4128,1125
account.account_id,4127,1104
account.account_id,4131,1109
account.account_id,4132,1103
account.account_id,6792,1065
account.account_id,4130,1174
account.account_id,10562,1120
account.account_id,4134,1122
account.account_id,4143,1066
account.account_id,4140,1094
account.account_id,5472,1156
account.account_id,5477,1081
account.account_id,4144,1071
account.account_id,10558,1132
account.account_id,6856,1086
account.account_id,6866,1106
account.account_id,4204,1123
account.account_id,4208,1077
account.account_id,4214,1065
account.account_id,5546,1164
account.account_id,5541,1102
account.account_id,6872,1129
account.account_id,4225,1135
account.account_id,9093,1156
date.SK_Day,19950722,2534
date.SK_Day,19950721,2525
date.SK_Day,19950720,2486
date.SK_Day,19950728,2522
date.SK_Day,19950727,2488
date.SK_Day,19950726,2471
date.SK_Day,19950725,2477
date.SK_Day,19950724,2497
date.SK_Day,19950723,2470
date.SK_Day,19950709,2504
date.SK_Day,19950711,2431
date.SK_Day,19950710,2415
date.SK_Day,19950719,2435
date.SK_Day,19950718,2438
date.SK_Day,19950717,2552
date.SK_Day,19950716,2504
date.SK_Day,19950715,2494
date.SK_Day,19950714,2473
account.account_id,5505,1085
date.SK_Day,19950713,2381
date.SK_Day,19950712,2425
date.SK_Day,19950708,2498
date.SK_Day,19950707,2552
date.SK_Day,19950706,2444
date.SK_Day,19950705,2483
date.SK_Day,19950704,2492
date.SK_Day,19950703,2482
date.SK_Day,19950702,2592
date.SK_Day,19950701,2547
account.account_id,9041,1175
date.Day,1993-01-12,2488
date.Day,1993-01-11,2457
date.Day,1993-01-10,2492
date.Day,1993-01-16,2494
date.Day,1993-01-15,2495
date.Day,1993-01-14,2429
date.Day,1993-01-13,2441
date.Day,1993-01-19,2405
date.Day,1993-01-18,2512
date.Day,1993-01-17,2438
date.Year,1994,834670
date.Year,1993,833627
date.Year,1998,832790
date.Year,1997,832256
account.account_id,9051,1136
date.Year,1996,832899
account.account_id,9052,1090
date.Year,1995,833758
date.Day,1993-01-01,2397
date.Day,1993-01-05,2477
date.Day,1993-01-04,2521
date.Day,1993-01-03,2415
date.Day,1993-01-02,2468
date.Day,1993-01-09,2506
date.Day,1993-01-08,2569
date.Day,1993-01-07,2454
date.Day,1993-01-06,2441
date.Day,1994-01-09,2453
date.Day,1994-01-03,2448
date.Day,1994-01-04,2476
date.Day,1994-01-01,2439
date.Day,1994-01-02,2478
date.Day,1994-01-07,2497
date.Day,1994-01-08,2463
date.Day,1994-01-05,2492
date.Day,1994-01-06,2470
date.Day,1994-01-14,2496
date.Day,1994-01-15,2505
date.Day,1994-01-12,2521
date.Day,1994-01-13,2422
date.Day,1994-01-18,2426
date.Day,1993-01-23,2429
date.Day,1994-01-19,2455
date.Day,1993-01-22,2555
date.Day,1994-01-16,2519
date.Day,1993-01-21,2473
date.Day,1994-01-17,2555
date.Day,1993-01-20,2491
date.Day,1993-01-27,2429
date.Day,1993-01-26,2465
date.Day,1993-01-25,2539
date.Day,1993-01-24,2453
account.account_id,6806,1096
date.Day,1994-01-10,2414
date.Day,1994-01-11,2479
date.Day,1993-01-28,2540
date.Day,1995-01-01,2569
date.Day,1995-01-02,2475
date.Day,1995-01-03,2479
date.Day,1995-01-04,2468
date.Day,1995-01-05,2506
date.Day,1995-01-06,2418
date.Day,1995-01-07,2447
date.Day,1995-01-08,2471
date.Day,1994-01-25,2583
date.Day,1994-01-26,2471
date.Day,1995-01-09,2380
date.Day,1994-01-23,2416
date.Day,1994-01-24,2483
date.Day,1994-01-27,2424
date.Day,1994-01-28,2410
account.account_id,9006,1061
date.Day,1994-01-21,2455
date.Day,1994-01-22,2548
date.Day,1994-01-20,2386
date.SK_Day,19960125,2447
date.SK_Day,19960124,2510
date.SK_Day,19960127,2466
date.SK_Day,19960126,2551
date.SK_Day,19960121,2366
date.SK_Day,19960120,2348
date.SK_Day,19960123,2489
date.SK_Day,19960122,2460
date.Day,1995-01-10,2419
date.Day,1995-01-11,2506
date.Day,1995-01-12,2474
date.Day,1995-01-13,2469
date.Day,1995-01-14,2534
date.Day,1995-01-15,2443
date.SK_Day,19960128,2591
date.Day,1995-01-16,2487
date.Day,1995-01-17,2526
date.Day,1995-01-18,2499
date.Day,1995-01-19,2497
account.account_id,9017,1107
account.district_name,Nachod,65558
account.district_name,Jesenik,52712
date.SK_Day,19960114,2515
date.SK_Day,19960113,2481
date.SK_Day,19960116,2445
date.SK_Day,19960115,2425
account.account_id,9024,1145
date.SK_Day,19960110,2444
date.SK_Day,19960112,2437
date.Day,1995-01-20,2392
date.SK_Day,19960111,2459
date.Day,1995-01-21,2487
date.Day,1995-01-22,2493
date.Day,1995-01-23,2569
date.Day,1995-01-24,2459
date.Day,1995-01-25,2577
date.SK_Day,19960118,2471
date.Day,1995-01-26,2412
date.SK_Day,19960117,2511
date.Day,1995-01-27,2545
date.Day,1995-01-28,2472
date.SK_Day,19960119,2466
account.account_id,9031,1078
date.SK_Day,19960103,2575
date.SK_Day,19960102,2527
date.SK_Day,19960105,2469
account.account_id,9034,1110
date.SK_Day,19960104,2580
account.account_id,9037,1077
date.SK_Day,19960101,2468
date.SK_Day,19960107,2438
date.SK_Day,19960106,2562
date.SK_Day,19960109,2505
account.account_id,9030,1208
date.SK_Day,19960108,2476
account.account_id,2929,1050
account.account_id,2928,1104
account.district_name,Chomutov,43315
account.account_id,2930,1069
account.account_id,1604,1091
account.account_id,2936,1125
account.account_id,1605,1158
account.account_id,2935,1047
account.account_id,1606,1106
account.account_id,2938,1098
account.account_id,1607,1165
account.account_id,2937,1122
account.account_id,2932,1119
account.account_id,1600,1079
account.account_id,1601,1108
account.account_id,2931,1071
account.account_id,2934,1050
account.account_id,1602,1172
account.account_id,2933,1146
account.account_id,1603,1081
account.account_id,1608,1105
account.account_id,1609,1086
account.account_id,2939,1101
account.account_id,1610,1154
account.account_id,2940,1072
account.account_id,1615,1192
account.account_id,2947,1058
account.account_id,2946,1055
account.account_id,1616,1061
account.account_id,2949,1112
account.account_id,1617,1129
account.district_name,Mlada Boleslav,62282
account.account_id,1618,1134
account.account_id,1611,1079
account.account_id,2942,1159
account.account_id,1612,1149
account.account_id,1613,1092
account.account_id,2945,1157
account.account_id,2944,1078
account.account_id,1614,1099
account.account_id,1619,1238
status.All,ALL,5000000
account.account_id,2950,1089
account.account_id,2952,1127
account.account_id,1620,1083
account.account_id,1621,1186
account.account_id,2951,1117
account.account_id,2958,1128
account.account_id,1626,1066
account.account_id,1627,1136
account.account_id,2957,1190
account.account_id,1628,1141
account.account_id,2959,1091
account.account_id,1629,1126
account.account_id,1622,1145
account.account_id,2954,1166
account.account_id,1623,1084
account.account_id,2953,1059
account.account_id,2956,1179
account.account_id,1624,1040
account.account_id,1625,1110
account.account_id,2955,1151
account.account_id,2961,1167
account.account_id,1630,1099
account.account_id,2960,1122
account.account_id,1631,1152
account.account_id,2963,1094
account.account_id,1632,1055
account.account_id,2962,1109
account.account_id,2969,1133
account.account_id,1637,1075
account.account_id,1638,1104
account.account_id,2968,1122
account.account_id,2965,1128
account.account_id,1633,1157
account.account_id,1634,1155
account.account_id,2964,1136
account.account_id,1635,1094
account.account_id,2967,1099
account.account_id,2966,1094
account.account_id,1636,1093
date.SK_Day,19930320,2458
account.account_id,6495,1122
account.account_id,5164,1120
date.SK_Day,19930324,2497
date.SK_Day,19930323,2506
date.SK_Day,19930322,2448
date.SK_Day,19930321,2424
date.SK_Day,19930328,2544
date.SK_Day,19930327,2450
date.SK_Day,19930326,2452
date.SK_Day,19930325,2484
account.account_id,2903,1110
account.account_id,2902,1067
account.account_id,2905,1162
account.account_id,2904,1141
account.account_id,2901,1072
account.account_id,2900,1124
account.account_id,5180,1129
account.account_id,2907,1052
account.account_id,2906,1110
account.account_id,2909,1079
account.account_id,2908,1119
account.account_id,5181,1136
date.SK_Day,19930309,2459
date.SK_Day,19930308,2505
date.SK_Day,19930307,2319
account.account_id,2914,1150
date.SK_Day,19930302,2509
account.account_id,2913,1131
date.SK_Day,19930301,2575
account.account_id,2916,1091
account.account_id,2915,1146
account.account_id,2910,1098
date.SK_Day,19930306,2431
date.SK_Day,19930305,2427
account.account_id,2912,1059
date.SK_Day,19930304,2513
account.account_id,2911,1117
date.SK_Day,19930303,2485
account.account_id,2918,1101
account.account_id,2917,1101
account.account_id,2919,1119
account.account_id,5196,1149
account.account_id,5194,1043
date.SK_Day,19930319,2471
date.SK_Day,19930318,2495
account.account_id,2925,1179
date.SK_Day,19930313,2419
account.account_id,2924,1137
date.SK_Day,19930312,2419
account.account_id,2927,1112
date.SK_Day,19930311,2470
account.account_id,2926,1083
date.SK_Day,19930310,2480
account.account_id,2921,1141
date.SK_Day,19930317,2423
account.account_id,2920,1064
date.SK_Day,19930316,2448
account.account_id,2923,1066
date.SK_Day,19930315,2499
account.account_id,2922,1127
date.SK_Day,19930314,2485
date.SK_Day,19980620,2451
account.account_id,6453,1095
date.SK_Day,19980623,2474
date.SK_Day,19941015,2433
date.SK_Day,19980624,2496
date.SK_Day,19941016,2449
date.SK_Day,19941013,2366
date.SK_Day,19980621,2484
account.account_id,5120,1093
date.SK_Day,19980622,2435
date.SK_Day,19941014,2421
date.SK_Day,19941019,2566
date.SK_Day,19980627,2545
date.SK_Day,19980628,2496
date.SK_Day,19980625,2474
date.SK_Day,19941017,2519
date.SK_Day,19941018,2565
date.SK_Day,19980626,2468
account.account_id,5129,1079
date.SK_Day,19980618,2513
date.SK_Day,19980619,2397
account.account_id,5125,1122
account.district_name,Rokycany,47888
date.SK_Day,19941011,2372
account.account_id,5126,1152
date.SK_Day,19941012,2478
date.SK_Day,19941010,2412
account.account_id,799,1147
account.account_id,797,1061
account.account_id,798,1118
account.account_id,7795,1121
account.account_id,795,1074
date.SK_Day,19941026,2550
account.account_id,5133,1115
account.account_id,796,1125
account.account_id,6463,1131
date.SK_Day,19941027,2541
account.account_id,793,1140
date.SK_Day,19941024,2450
account.account_id,794,1099
account.account_id,6461,1114
date.SK_Day,19941025,2417
account.account_id,791,1063
account.district_name,Louny,59702
account.account_id,792,1135
date.SK_Day,19941028,2599
account.account_id,790,1131
date.SK_Day,19941022,2514
date.Day,1994-06-06,2406
date.SK_Day,19941023,2449
date.Day,1994-06-07,2492
date.SK_Day,19941020,2462
date.Day,1994-06-08,2475
date.SK_Day,19941021,2493
date.Day,1994-06-09,2441
date.Day,1994-06-02,2507
date.Day,1994-06-03,2490
date.Day,1994-06-04,2582
date.Day,1994-06-05,2480
date.Day,1994-06-01,2449
account.account_id,788,1118
account.district_name,Vyskov,54406
account.account_id,789,1076
account.account_id,786,1124
account.account_id,787,1071
account.account_id,784,1129
account.account_id,785,1087
account.account_id,6473,1081
account.account_id,782,1169
account.account_id,783,1175
account.account_id,6472,1112
account.account_id,780,1175
account.account_id,781,1056
date.Day,1998-08-02,2460
date.Day,1998-08-03,2453
date.Day,1998-08-01,2433
date.Day,1994-06-17,2434
date.Day,1994-06-18,2442
date.Day,1994-06-19,2473
date.Day,1994-06-13,2535
date.Day,1994-06-14,2479
account.account_id,10404,1137
date.Day,1994-06-15,2509
date.Day,1998-08-08,2467
date.Day,1994-06-16,2531
date.Day,1998-08-09,2525
date.Day,1998-08-06,2422
date.Day,1998-08-07,2354
date.Day,1994-06-10,2456
date.Day,1994-06-11,2504
date.Day,1998-08-04,2461
date.Day,1998-08-05,2493
date.Day,1994-06-12,2498
account.account_id,779,1105
account.account_id,777,1122
account.account_id,778,1125
account.account_id,775,1080
account.account_id,776,1062
account.account_id,773,1122
date.SK_Day,19941004,2488
account.account_id,774,1089
date.SK_Day,19941005,2541
account.account_id,771,1157
date.SK_Day,19941002,2543
account.account_id,772,1143
date.SK_Day,19941003,2473
date.SK_Day,19941008,2416
account.account_id,770,1117
date.SK_Day,19941009,2561
date.SK_Day,19941006,2503
date.SK_Day,19941007,2524
date.Day,1994-06-28,2398
date.SK_Day,19941001,2452
date.Day,1994-06-24,2556
date.Day,1994-06-25,2479
date.Day,1994-06-26,2469
date.Day,1994-06-27,2547
date.Day,1994-06-20,2506
date.Day,1994-06-21,2473
date.Day,1994-06-22,2406
date.Day,1994-06-23,2472
account.account_id,7745,1121
account.account_id,6425,1054
account.account_id,7753,1110
account.account_id,10411,1077
date.SK_Day,19980601,2495
date.SK_Day,19980602,2518
date.SK_Day,19980605,2520
date.SK_Day,19980606,2509
date.SK_Day,19980603,2476
date.SK_Day,19980604,2441
account.account_id,7769,1107
account.account_id,10440,1120
account.account_id,7765,1126
account.account_id,6434,1111
account.account_id,10445,1127
date.SK_Day,19980612,2401
date.SK_Day,19980613,2555
account.account_id,6440,1089
date.SK_Day,19980610,2469
date.SK_Day,19980611,2327
date.SK_Day,19980616,2436
date.SK_Day,19980617,2459
date.SK_Day,19980614,2410
date.SK_Day,19980615,2382
account.account_id,5118,1120
date.SK_Day,19980609,2450
date.SK_Day,19980607,2559
date.SK_Day,19980608,2506
account.account_id,7774,1107
account.account_id,10439,1106
account.account_id,10436,1082
account.account_id,847,1053
account.account_id,848,1100
account.account_id,845,1078
account.account_id,846,1107
account.account_id,843,1144
account.account_id,844,1072
account.account_id,841,1121
date.SK_Day,19950809,2517
account.account_id,842,1091
date.SK_Day,19950808,2500
account.account_id,840,1096
date.SK_Day,19950810,2423
account.account_id,7824,1056
date.SK_Day,19950818,2515
date.SK_Day,19950817,2515
date.SK_Day,19950816,2465
date.SK_Day,19950815,2519
date.SK_Day,19950814,2494
account.account_id,7828,1119
date.SK_Day,19950813,2542
account.account_id,849,1120
date.SK_Day,19950812,2434
date.SK_Day,19950811,2522
account.account_id,836,1085
account.account_id,837,1078
account.account_id,834,1150
account.account_id,832,1098
account.account_id,833,1093
account.account_id,830,1062
account.account_id,831,1117
account.account_id,6505,1125
account.account_id,10451,1091
date.SK_Day,19950807,2529
date.SK_Day,19950806,2453
account.district_name,Prerov,56931
date.SK_Day,19950805,2500
date.SK_Day,19950804,2437
date.SK_Day,19950803,2443
date.SK_Day,19950802,2386
account.account_id,838,1006
date.SK_Day,19950801,2458
account.account_id,839,1074
account.account_id,825,1132
account.account_id,826,1095
account.account_id,823,1060
account.account_id,824,1124
account.account_id,821,1145
account.account_id,822,1050
account.account_id,820,1058
account.account_id,7844,1098
account.account_id,6512,1128
account.account_id,6511,1116
account.account_id,6510,1145
account.account_id,829,1106
account.account_id,827,1064
account.account_id,828,1156
account.account_id,814,1128
account.account_id,815,1062
account.account_id,812,1135
account.account_id,813,1107
account.account_id,810,1121
account.account_id,811,1121
account.account_id,7857,1099
account.account_id,819,1075
account.account_id,816,1145
account.account_id,7859,1112
account.account_id,10478,1108
account.account_id,817,1047
account.account_id,889,1141
account.account_id,887,1088
account.account_id,888,1183
account.account_id,885,1140
account.account_id,886,1055
account.account_id,883,1123
account.account_id,884,1109
account.account_id,882,1122
account.account_id,880,1123
account.account_id,878,1090
account.account_id,879,1058
account.account_id,876,1123
account.account_id,877,1137
account.account_id,874,1046
account.account_id,875,1120
account.account_id,872,1116
account.account_id,873,1112
account.account_id,870,1106
account.account_id,871,1153
account.account_id,10493,1085
account.account_id,869,1129
account.account_id,867,1089
account.account_id,868,1100
account.account_id,865,1048
account.account_id,866,1116
account.account_id,863,1102
account.account_id,864,1125
account.account_id,861,1141
account.account_id,862,1228
account.account_id,860,1124
account.account_id,858,1032
account.account_id,859,1083
account.account_id,856,1132
account.account_id,857,1053
account.account_id,854,1091
account.account_id,855,1093
account.account_id,852,1151
account.account_id,853,1121
date.SK_Day,19950819,2458
account.account_id,850,1112
account.account_id,851,1145
date.SK_Day,19950821,2453
date.SK_Day,19950820,2463
date.SK_Day,19950828,2493
date.SK_Day,19950827,2427
account.account_id,7819,1176
date.SK_Day,19950826,2556
date.SK_Day,19950825,2516
date.SK_Day,19950824,2525
date.SK_Day,19950823,2487
account.account_id,7815,1151
date.SK_Day,19950822,2483
date.SK_Day,19960213,2509
date.SK_Day,19960212,2444
date.SK_Day,19960215,2450
date.SK_Day,19960214,2493
date.SK_Day,19960211,2438
date.SK_Day,19960210,2426
date.SK_Day,19960217,2570
date.SK_Day,19960216,2442
date.SK_Day,19960219,2502
date.SK_Day,19960218,2466
account.account_id,1684,1126
account.account_id,1685,1118
account.account_id,1686,1139
account.account_id,1687,1089
account.account_id,1680,1098
account.account_id,1681,1122
account.account_id,1682,1091
account.account_id,1683,1140
account.account_id,1688,1107
account.account_id,1689,1107
date.SK_Day,19960202,2486
date.SK_Day,19960201,2531
date.SK_Day,19960204,2461
date.SK_Day,19960203,2531
date.SK_Day,19960209,2397
account.account_id,1690,1113
date.SK_Day,19960206,2480
date.SK_Day,19960205,2551
date.SK_Day,19960208,2434
date.SK_Day,19960207,2425
account.account_id,1695,1128
account.account_id,1696,1145
account.account_id,1697,1126
account.account_id,1698,1082
account.account_id,1691,1086
account.account_id,1692,1102
account.account_id,1693,1074
account.account_id,1694,1139
account.account_id,1699,1093
date.Day,1997-02-15,2373
date.Day,1997-02-14,2555
date.Day,1997-02-17,2427
date.Day,1997-02-16,2541
date.Day,1997-02-11,2466
date.Day,1997-02-10,2546
date.Day,1997-02-13,2434
date.Day,1997-02-12,2492
date.Day,1997-02-19,2484
date.Day,1997-02-18,2440
date.Day,1997-02-26,2562
date.Day,1997-02-25,2455
date.Day,1997-02-28,2508
date.Day,1997-02-27,2565
date.Day,1997-02-22,2473
date.Day,1997-02-21,2462
date.Day,1997-02-24,2491
date.Day,1997-02-23,2412
date.Day,1997-02-20,2508
account.account_id,803,1111
account.account_id,804,1094
account.account_id,801,1156
account.account_id,802,1141
account.account_id,800,1097
account.account_id,1640,1105
account.account_id,2972,1108
account.account_id,2971,1102
account.account_id,1641,1088
account.account_id,2974,1137
account.account_id,1642,1088
account.region,south Moravia,862600
account.account_id,2973,1101
account.account_id,2970,1096
account.account_id,1648,1088
account.account_id,1649,1118
account.account_id,2979,1088
account.account_id,809,1107
account.account_id,807,1096
account.account_id,2976,1081
account.account_id,1644,1158
account.account_id,808,1104
account.account_id,1645,1115
account.account_id,2978,1093
account.account_id,805,1145
account.account_id,1646,1094
account.account_id,1647,1137
account.account_id,806,1105
account.account_id,2977,1144
date.Day,1997-02-04,2480
date.Day,1997-02-03,2355
date.Day,1997-02-06,2417
date.Day,1997-02-05,2506
date.Day,1997-02-02,2405
date.Day,1997-02-01,2500
account.account_id,2983,1082
account.account_id,1651,1139
account.account_id,1652,1102
account.account_id,2982,1048
account.account_id,2985,1139
account.account_id,1653,1108
account.account_id,1654,1051
account.account_id,2981,1121
account.account_id,1650,1139
account.account_id,2980,1123
account.account_id,1659,1117
account.account_id,1655,1131
account.account_id,2987,1070
date.Day,1997-02-08,2456
account.account_id,2986,1114
account.account_id,1656,1113
date.Day,1997-02-07,2453
account.account_id,1657,1066
account.account_id,2989,1013
account.account_id,2988,1080
account.account_id,1658,1139
date.Day,1997-02-09,2516
account.account_id,2994,1153
account.account_id,1662,1070
account.account_id,2993,1117
account.account_id,1663,1062
account.account_id,2996,1081
account.account_id,1664,1051
account.account_id,1665,1124
account.account_id,2995,1140
account.account_id,2990,1152
account.account_id,1660,1098
account.account_id,2992,1058
account.account_id,2991,1073
account.account_id,1666,1151
account.account_id,2998,1147
account.account_id,2997,1058
account.account_id,1667,1177
account.account_id,1668,1122
account.account_id,2999,1108
account.account_id,1669,1072
date.SK_Day,19960224,2481
date.SK_Day,19960223,2554
date.SK_Day,19960226,2393
date.SK_Day,19960225,2441
date.SK_Day,19960220,2525
date.SK_Day,19960222,2446
date.SK_Day,19960221,2561
date.Day,1995-02-01,2487
date.Day,1995-02-02,2484
date.Day,1995-02-03,2491
date.Day,1995-02-04,2488
date.SK_Day,19960228,2553
date.Day,1995-02-05,2465
date.SK_Day,19960227,2494
date.Day,1995-02-06,2538
date.Day,1995-02-07,2519
date.Day,1995-02-08,2476
account.account_id,1673,1101
date.Day,1995-02-09,2436
account.account_id,1674,1130
account.account_id,1675,1128
account.account_id,1670,1120
account.account_id,1671,1060
account.account_id,1672,1148
account.account_id,1677,1070
account.account_id,1678,1182
account.account_id,1679,1122
account.account_id,1718,1118
account.account_id,1719,1122
date.Day,1995-02-10,2371
date.Day,1995-02-11,2456
date.Day,1995-02-12,2423
date.Day,1995-02-13,2449
date.Day,1995-02-14,2470
date.Day,1995-02-15,2475
date.Day,1995-02-16,2537
date.Day,1995-02-17,2616
date.Day,1995-02-18,2480
date.Day,1995-02-19,2378
date.SK_Day,19930409,2426
date.SK_Day,19930408,2569
date.SK_Day,19930407,2386
account.account_id,1720,1109
date.SK_Day,19930406,2453
account.account_id,1725,1120
date.SK_Day,19930401,2484
account.account_id,1726,1121
account.account_id,1727,1095
account.account_id,1728,1112
account.account_id,1721,1186
date.SK_Day,19930405,2515
account.account_id,1722,1113
date.SK_Day,19930404,2500
account.account_id,1723,1102
date.SK_Day,19930403,2559
account.account_id,1724,1113
date.SK_Day,19930402,2468
account.account_id,1729,1059
date.Day,1995-02-20,2512
date.Day,1995-02-21,2548
date.Day,1995-02-22,2457
date.Day,1995-02-23,2400
date.Day,1995-02-24,2519
date.Day,1995-02-25,2472
date.Day,1995-02-26,2455
date.Day,1995-02-27,2470
date.Day,1995-02-28,2464
date.SK_Day,19930419,2578
account.account_id,1730,1080
date.SK_Day,19930418,2443
account.account_id,1731,1102
date.SK_Day,19930417,2578
account.account_id,1736,1105
date.SK_Day,19930412,2464
account.account_id,1737,1065
date.SK_Day,19930411,2371
account.account_id,1738,1162
date.SK_Day,19930410,2486
account.account_id,1739,1122
account.account_id,1732,1109
date.SK_Day,19930416,2394
account.account_id,1733,1134
date.SK_Day,19930415,2393
account.account_id,1734,1150
date.SK_Day,19930414,2383
account.account_id,1735,1109
date.SK_Day,19930413,2469
account.account_id,1740,1118
account.account_id,1741,1093
account.account_id,1742,1172
account.account_id,1747,1161
account.account_id,1749,1090
account.account_id,1743,1111
account.account_id,1744,1130
account.account_id,1745,1135
account.account_id,1746,1094
account.account_id,1750,1100
account.account_id,1751,1070
account.account_id,1752,1167
account.account_id,1753,1072
account.district_name,Svitavy,53553
account.account_id,1758,1082
account.account_id,1759,1098
account.account_id,1754,1122
account.account_id,1756,1178
account.account_id,1757,1122
date.Day,1998-03-19,2461
date.Day,1998-03-18,2526
account.account_id,5283,1167
date.Day,1998-03-13,2482
date.Day,1998-03-12,2469
date.Day,1998-03-11,2477
date.Day,1998-03-10,2454
date.Day,1998-03-17,2550
date.Day,1998-03-16,2425
date.Day,1998-03-15,2495
date.Day,1998-03-14,2437
account.account_id,5290,1127
date.Day,1998-03-09,2475
date.SK_Day,19941109,2451
date.Day,1998-03-08,2431
date.Day,1998-03-07,2438
date.SK_Day,19941103,2398
date.SK_Day,19941104,2471
date.SK_Day,19941101,2503
date.SK_Day,19941102,2509
date.SK_Day,19941107,2408
date.SK_Day,19941108,2427
date.SK_Day,19941105,2530
date.SK_Day,19941106,2463
date.Day,1998-03-02,2464
date.Day,1998-03-01,2532
date.Day,1998-03-06,2521
date.Day,1998-03-05,2416
date.Day,1998-03-04,2355
date.Day,1998-03-03,2443
date.SK_Day,19930428,2571
account.account_id,1703,1153
date.SK_Day,19930423,2464
account.account_id,1704,1096
date.SK_Day,19930422,2402
account.account_id,1705,1180
date.SK_Day,19930421,2480
account.account_id,1706,1134
date.SK_Day,19930420,2502
date.SK_Day,19930427,2560
account.account_id,1700,1125
date.SK_Day,19930426,2504
account.account_id,1701,1073
date.SK_Day,19930425,2560
account.account_id,1702,1102
date.SK_Day,19930424,2472
account.account_id,1707,1085
account.account_id,1708,1126
account.account_id,1709,1114
date.Day,1998-03-20,2439
account.account_id,1714,1057
date.Day,1998-03-24,2498
account.account_id,1715,1073
date.Day,1998-03-23,2436
account.account_id,1716,1174
date.Day,1998-03-22,2468
account.account_id,1717,1120
date.Day,1998-03-21,2421
account.account_id,1710,1086
date.Day,1998-03-28,2547
account.account_id,1711,1183
date.Day,1998-03-27,2425
account.account_id,1712,1063
date.Day,1998-03-26,2438
account.account_id,1713,1136
date.Day,1998-03-25,2524
account.account_id,5250,1133
account.account_id,5256,1088
account.All,ALL,5000000
date.SK_Day,19941114,2518
date.Day,1993-07-20,2455
date.SK_Day,19941115,2397
date.Day,1993-07-21,2435
date.SK_Day,19941112,2471
account.account_id,5263,1143
date.SK_Day,19941113,2451
account.account_id,6592,1129
date.SK_Day,19941118,2497
date.SK_Day,19941119,2542
date.SK_Day,19941116,2603
date.SK_Day,19941117,2547
date.Day,1993-07-17,2498
date.Day,1993-07-18,2545
date.Day,1993-07-15,2452
date.Day,1993-07-16,2426
date.SK_Day,19941110,2500
date.Day,1993-07-13,2379
account.account_id,5269,1102
date.SK_Day,19941111,2563
date.Day,1993-07-14,2471
date.Day,1993-07-11,2517
account.account_id,5267,1101
date.Day,1993-07-12,2527
date.Day,1993-07-19,2486
account.account_id,898,1071
account.account_id,899,1163
account.account_id,896,1122
account.account_id,897,1167
account.account_id,894,1070
date.SK_Day,19941125,2478
account.account_id,895,1119
date.SK_Day,19941126,2515
date.Day,1993-07-10,2486
account.account_id,892,1187
date.SK_Day,19941123,2531
account.account_id,893,1134
date.SK_Day,19941124,2490
account.account_id,890,1136
account.account_id,891,1093
date.SK_Day,19941127,2510
account.account_id,5270,1149
date.SK_Day,19941128,2523
date.Day,1993-07-06,2440
date.Day,1993-07-07,2424
date.Day,1993-07-04,2462
date.Day,1993-07-05,2504
date.SK_Day,19941121,2493
date.Day,1993-07-02,2491
date.SK_Day,19941122,2396
date.Day,1993-07-03,2511
date.SK_Day,19941120,2519
date.Day,1993-07-01,2576
date.Day,1993-07-08,2454
date.Day,1993-07-09,2437
account.account_id,7861,1108
date.SK_Day,19980701,2451
date.SK_Day,19980704,2568
date.SK_Day,19980705,2472
date.SK_Day,19980702,2385
date.SK_Day,19980703,2417
account.district_name,Domazlice,39899
date.SK_Day,19980711,2488
date.SK_Day,19980712,2519
date.SK_Day,19980710,2539
date.SK_Day,19980715,2480
date.SK_Day,19980716,2533
date.SK_Day,19980713,2457
date.SK_Day,19980714,2473
date.SK_Day,19980708,2518
date.Day,1993-07-28,2458
date.SK_Day,19980709,2489
account.account_id,5215,1072
date.SK_Day,19980706,2420
date.Day,1993-07-26,2445
date.SK_Day,19980707,2540
date.Day,1993-07-27,2452
account.account_id,5213,1114
date.Day,1993-07-24,2438
date.Day,1993-07-25,2496
date.Day,1993-07-22,2476
date.Day,1993-07-23,2495
date.SK_Day,19980722,2437
date.SK_Day,19980723,2436
date.SK_Day,19980720,2483
date.SK_Day,19980721,2459
date.SK_Day,19980726,2415
date.SK_Day,19980727,2410
date.SK_Day,19980724,2423
date.SK_Day,19980725,2470
account.account_id,5228,1106
date.SK_Day,19980719,2460
date.SK_Day,19980717,2460
account.account_id,10320,1120
date.SK_Day,19980718,2388
account.account_id,6555,1073
account.account_id,7894,1058
account.account_id,7890,1115
date.SK_Day,19980728,2461
account.account_id,968,1093
account.account_id,969,1069
account.account_id,966,1121
account.account_id,967,1135
account.account_id,964,1046
account.account_id,965,1088
account.account_id,962,1154
account.account_id,963,1095
account.account_id,960,1110
account.account_id,961,1081
account.account_id,10343,1078
account.account_id,7944,1089
account.account_id,10345,1131
account.account_id,957,1096
account.account_id,958,1030
account.account_id,955,1079
account.account_id,956,1139
account.account_id,953,1115
account.account_id,954,1136
account.account_id,951,1138
date.SK_Day,19950919,2456
account.account_id,952,1030
date.SK_Day,19950918,2494
account.account_id,950,1097
account.account_id,7957,1086
date.SK_Day,19950920,2496
date.SK_Day,19950928,2468
date.SK_Day,19950927,2454
date.SK_Day,19950926,2587
date.SK_Day,19950925,2562
date.SK_Day,19950924,2454
date.SK_Day,19950923,2490
account.account_id,959,1151
date.SK_Day,19950922,2448
account.region,Prague,616284
date.SK_Day,19950921,2494
account.account_id,946,1118
account.account_id,947,1115
account.account_id,944,1092
account.account_id,945,1126
account.account_id,942,1152
account.account_id,943,1115
date.SK_Day,19950909,2588
account.account_id,940,1100
date.SK_Day,19950908,2435
account.account_id,941,1138
date.SK_Day,19950907,2456
account.account_id,5305,1113
account.account_id,10365,1112
account.account_id,6636,1136
account.account_id,7966,1087
account.account_id,10364,1137
account.account_id,7965,1131
account.account_id,10361,1104
date.SK_Day,19950917,2489
date.SK_Day,19950916,2504
date.SK_Day,19950915,2484
date.SK_Day,19950914,2431
date.SK_Day,19950913,2508
date.SK_Day,19950912,2551
date.SK_Day,19950911,2453
account.account_id,949,1113
date.SK_Day,19950910,2455
account.account_id,935,1049
account.account_id,936,1124
account.account_id,933,1133
account.account_id,934,1044
account.account_id,931,1111
account.account_id,932,1133
account.account_id,930,1104
account.account_id,5317,1128
account.account_id,10351,1047
account.account_id,5313,1129
date.SK_Day,19950906,2465
date.SK_Day,19950905,2442
date.SK_Day,19950904,2499
date.SK_Day,19950903,2469
account.account_id,939,1119
date.SK_Day,19950902,2451
date.SK_Day,19950901,2553
account.account_id,937,1105
account.account_id,6649,1119
account.account_id,938,1125
date.Month,1996-01,69404
date.Month,1996-02,70159
date.Month,1996-03,69846
date.Month,1996-04,69575
date.Month,1996-05,69195
date.Month,1996-06,69888
date.Month,1996-07,69741
date.Month,1996-08,69274
date.Month,1996-09,69828
account.account_id,7907,1071
account.account_id,997,1168
account.account_id,998,1062
account.account_id,995,1117
account.account_id,996,1151
account.account_id,993,1121
account.account_id,994,1042
account.account_id,991,1071
account.account_id,992,1104
account.account_id,990,1099
account.account_id,988,1150
account.account_id,989,1117
account.account_id,986,1122
account.account_id,987,1135
account.account_id,984,1109
account.account_id,985,1109
account.account_id,982,1080
account.account_id,980,1086
account.account_id,981,1079
account.account_id,7926,1102
account.account_id,979,1068
date.Month,1996-10,69665
date.Month,1996-11,69510
account.account_id,977,1112
date.Month,1996-12,69343
account.account_id,978,1144
account.account_id,975,1143
account.account_id,976,1107
account.account_id,973,1105
account.account_id,974,1163
account.account_id,971,1107
account.account_id,972,1169
account.account_id,970,1118
account.account_id,6602,1149
account.account_id,6609,1122
date.SK_Day,19960323,2538
date.Day,1996-03-22,2528
date.SK_Day,19960322,2595
date.Day,1996-03-21,2515
date.SK_Day,19960325,2522
date.Day,1996-03-20,2469
date.SK_Day,19960324,2528
date.SK_Day,19960321,2507
date.SK_Day,19960320,2564
date.Day,1996-03-28,2540
date.Day,1996-03-27,2489
date.SK_Day,19960327,2544
date.Day,1996-03-26,2402
date.SK_Day,19960326,2512
date.Day,1996-03-25,2499
date.Day,1996-03-24,2462
date.SK_Day,19960328,2511
date.Day,1996-03-23,2373
date.SK_Day,19971003,2503
date.SK_Day,19971004,2559
account.district_name,Kolin,71766
date.SK_Day,19971005,2535
date.SK_Day,19971006,2467
date.SK_Day,19971001,2570
date.SK_Day,19971002,2455
date.SK_Day,19971007,2426
date.SK_Day,19971008,2454
date.SK_Day,19971009,2493
date.SK_Day,19960312,2572
date.Day,1996-03-11,2493
date.SK_Day,19960311,2474
date.Day,1996-03-10,2502
date.SK_Day,19960314,2505
date.SK_Day,19960313,2530
date.SK_Day,19960310,2528
date.Day,1996-03-19,2489
date.SK_Day,19960319,2474
date.Day,1996-03-18,2468
date.Day,1996-03-17,2485
date.Day,1996-03-16,2488
date.SK_Day,19960316,2406
date.Day,1996-03-15,2401
date.SK_Day,19960315,2426
date.Day,1996-03-14,2402
date.SK_Day,19960318,2584
date.Day,1996-03-13,2495
date.SK_Day,19960317,2529
date.Day,1996-03-12,2489
date.SK_Day,19971014,2448
date.SK_Day,19971015,2479
date.SK_Day,19971016,2577
date.SK_Day,19971017,2507
date.SK_Day,19971010,2393
date.SK_Day,19971011,2510
date.SK_Day,19971012,2458
date.SK_Day,19971013,2416
date.SK_Day,19971018,2579
date.SK_Day,19971019,2492
date.SK_Day,19960301,2491
date.SK_Day,19960303,2428
date.SK_Day,19960302,2442
date.SK_Day,19960309,2408
date.Day,1996-03-08,2533
date.SK_Day,19960308,2496
date.Day,1996-03-07,2446
date.Day,1996-03-06,2485
date.SK_Day,19971020,2417
date.Day,1996-03-05,2463
date.SK_Day,19960305,2401
date.Day,1996-03-04,2442
date.SK_Day,19960304,2506
date.Day,1996-03-03,2553
date.SK_Day,19960307,2563
date.Day,1996-03-02,2445
date.SK_Day,19960306,2553
date.Day,1996-03-01,2438
date.SK_Day,19971025,2353
date.SK_Day,19971026,2525
date.SK_Day,19971027,2445
date.SK_Day,19971028,2430
date.SK_Day,19971021,2551
date.SK_Day,19971022,2499
date.SK_Day,19971023,2426
date.SK_Day,19971024,2513
date.Day,1996-03-09,2417
account.account_id,924,1110
account.account_id,925,1135
account.account_id,922,1043
account.account_id,923,1087
account.account_id,920,1064
account.account_id,921,1089
account.account_id,1761,1090
account.account_id,1762,1182
account.account_id,1763,1070
account.account_id,1764,1076
account.account_id,1760,1107
account.account_id,1769,1138
account.account_id,928,1110
account.account_id,1765,1095
account.account_id,929,1088
account.account_id,1766,1148
account.account_id,1767,1117
account.account_id,926,1116
account.account_id,927,1069
account.account_id,1768,1136
account.account_id,913,1052
account.account_id,914,1158
account.account_id,911,1142
account.account_id,912,1129
account.account_id,910,1065
account.account_id,1772,1163
account.account_id,1773,1152
account.account_id,1774,1167
account.account_id,1775,1104
account.account_id,1770,1095
account.account_id,1771,1023
account.account_id,919,1039
account.account_id,1776,1070
account.account_id,917,1059
account.account_id,918,1102
account.account_id,1777,1093
account.account_id,915,1124
account.account_id,1778,1103
account.account_id,916,1079
account.account_id,1779,1111
account.account_id,902,1135
account.account_id,903,1082
account.account_id,900,1123
account.account_id,901,1108
account.account_id,1783,1089
account.account_id,1784,1133
account.account_id,1785,1086
account.account_id,1786,1141
account.account_id,1780,1075
account.account_id,1781,1115
account.account_id,1782,1123
account.account_id,908,1110
account.account_id,909,1069
account.account_id,1787,1137
account.account_id,906,1163
account.account_id,907,1111
account.account_id,1788,1054
account.account_id,904,1099
account.account_id,1789,1113
account.account_id,905,1024
account.account_id,1794,1094
account.account_id,1795,1125
account.account_id,1796,1159
account.account_id,1797,1145
account.account_id,1790,1104
account.account_id,1791,1084
account.account_id,1792,1089
account.account_id,1793,1147
account.account_id,1798,1082
account.account_id,1799,1122
date.SK_Day,19930528,2367
date.SK_Day,19930527,2423
date.SK_Day,19930522,2456
date.SK_Day,19930521,2438
date.SK_Day,19930520,2490
date.SK_Day,19930526,2344
date.SK_Day,19930525,2535
date.SK_Day,19930524,2398
date.SK_Day,19930523,2578
account.account_id,2705,1070
account.account_id,2707,1065
account.account_id,2706,1155
account.district_name,Olomouc,97790
account.account_id,2701,1135
account.account_id,2700,1178
account.account_id,2703,1031
account.account_id,2702,1140
account.account_id,2709,1104
account.account_id,2708,1039
date.Day,1995-03-01,2439
date.Day,1995-03-03,2538
date.Day,1995-03-02,2415
date.Day,1995-03-05,2527
date.Day,1995-03-04,2536
date.SK_Day,19980803,2520
date.Day,1995-03-07,2512
date.SK_Day,19980804,2455
date.Day,1995-03-06,2587
date.SK_Day,19980801,2552
date.Day,1995-03-09,2498
date.SK_Day,19980802,2510
date.Day,1995-03-08,2499
date.SK_Day,19930508,2340
date.SK_Day,19930507,2537
account.account_id,2710,1201
date.SK_Day,19930506,2455
date.SK_Day,19930505,2578
date.SK_Day,19930509,2508
account.account_id,2716,1195
account.account_id,2715,1100
account.account_id,2718,1162
account.account_id,2717,1097
account.account_id,2712,1112
date.SK_Day,19930504,2515
account.account_id,2711,1113
date.SK_Day,19930503,2477
account.account_id,2714,1072
date.SK_Day,19930502,2453
account.account_id,2713,1111
date.SK_Day,19930501,2497
date.Day,1995-03-10,2457
account.account_id,2719,1079
date.Day,1995-03-12,2562
date.Day,1995-03-11,2393
date.SK_Day,19980810,2426
date.Day,1995-03-14,2431
date.SK_Day,19980811,2462
date.Day,1995-03-13,2487
date.Day,1995-03-16,2473
date.Day,1995-03-15,2507
date.SK_Day,19980814,2501
date.Day,1995-03-18,2532
date.SK_Day,19980815,2513
date.Day,1995-03-17,2437
date.SK_Day,19980812,2441
date.SK_Day,19980813,2579
date.Day,1995-03-19,2480
date.SK_Day,19980807,2547
date.SK_Day,19930519,2416
date.SK_Day,19980808,2433
date.SK_Day,19930518,2483
account.account_id,2721,1071
date.SK_Day,19930517,2452
date.SK_Day,19980805,2524
account.account_id,2720,1142
date.SK_Day,19980806,2498
date.SK_Day,19930516,2494
date.SK_Day,19980809,2487
account.account_id,2727,1093
date.SK_Day,19930511,2460
account.account_id,2726,1139
date.SK_Day,19930510,2485
account.account_id,2729,1106
account.account_id,2728,1117
account.account_id,2723,1139
date.SK_Day,19930515,2417
account.account_id,2722,1155
date.SK_Day,19930514,2510
account.account_id,2725,1147
date.SK_Day,19930513,2490
account.account_id,2724,1122
date.SK_Day,19930512,2435
date.SK_Day,19941219,2480
date.Day,1995-03-21,2543
date.Day,1995-03-20,2497
date.Day,1995-03-23,2436
date.Day,1995-03-22,2557
date.SK_Day,19941213,2494
date.Day,1995-03-25,2527
date.SK_Day,19941214,2494
date.Day,1995-03-24,2480
date.SK_Day,19941211,2409
date.Day,1995-03-27,2371
date.SK_Day,19941212,2503
date.Day,1995-03-26,2439
date.SK_Day,19941217,2487
date.SK_Day,19941218,2560
date.Day,1995-03-28,2491
date.SK_Day,19941215,2470
date.SK_Day,19941216,2458
account.district_name,Melnik,48907
date.SK_Day,19941210,2507
date.SK_Day,19941224,2481
account.account_id,6265,1081
date.SK_Day,19941225,2499
date.SK_Day,19941222,2506
account.account_id,7594,1119
date.SK_Day,19941223,2497
date.SK_Day,19941228,2482
date.SK_Day,19941226,2475
date.SK_Day,19941227,2616
date.SK_Day,19941220,2548
date.SK_Day,19941221,2440
account.account_id,6273,1140
date.SK_Day,19941208,2453
date.SK_Day,19941209,2415
date.SK_Day,19941202,2502
date.SK_Day,19941203,2428
date.SK_Day,19941201,2527
date.SK_Day,19941206,2414
date.SK_Day,19941207,2508
date.SK_Day,19941204,2408
account.account_id,6281,1108
date.SK_Day,19941205,2480
account.account_id,6289,1182
account.district_name,Trutnov,53963
account.account_id,568,1053
account.account_id,569,1126
account.account_id,566,1037
account.account_id,567,1103
account.account_id,564,1121
account.account_id,7542,1056
account.account_id,565,1134
account.account_id,562,1121
account.account_id,563,1131
account.account_id,560,1131
account.account_id,561,1146
account.account_id,7546,1194
account.account_id,559,1130
account.account_id,557,1077
account.account_id,558,1043
account.account_id,555,1073
account.account_id,556,1187
account.account_id,553,1106
account.account_id,554,1140
account.account_id,551,1077
account.account_id,552,1120
account.account_id,550,1110
account.account_id,7559,1082
account.account_id,6226,1161
account.account_id,548,1120
account.account_id,549,1137
account.account_id,546,1124
account.account_id,547,1080
date.Day,1997-07-28,2435
account.account_id,544,1143
date.Day,1997-07-27,2592
account.account_id,545,1158
date.Day,1997-07-26,2472
account.account_id,542,1075
date.Day,1997-07-25,2375
account.account_id,543,1069
date.Day,1997-07-24,2472
account.account_id,7562,1101
account.account_id,540,1130
date.Day,1997-07-23,2461
account.account_id,541,1068
date.Day,1997-07-22,2487
date.Day,1997-07-21,2498
date.Day,1997-07-20,2495
account.account_id,7565,1121
account.account_id,8896,1134
account.account_id,8899,1087
account.account_id,539,1146
account.account_id,537,1112
account.account_id,538,1145
account.account_id,535,1117
account.account_id,536,1118
account.account_id,533,1114
account.account_id,534,1144
account.account_id,531,1089
account.account_id,532,1179
account.account_id,530,1121
date.Day,1997-07-09,2447
date.Day,1997-07-08,2459
date.Day,1997-07-07,2459
date.Day,1997-07-06,2486
date.Day,1997-07-05,2479
date.Day,1997-07-04,2437
date.SK_Day,19980821,2474
date.Day,1997-07-03,2479
date.SK_Day,19980822,2444
date.Day,1997-07-02,2578
date.Day,1997-07-01,2482
date.SK_Day,19980820,2499
date.SK_Day,19980825,2459
date.SK_Day,19980826,2470
date.SK_Day,19980823,2438
date.SK_Day,19980824,2435
date.SK_Day,19980818,2428
date.SK_Day,19980819,2498
date.SK_Day,19980816,2537
date.SK_Day,19980817,2413
date.Day,1997-07-19,2505
date.Day,1997-07-18,2505
date.Day,1997-07-17,2529
account.account_id,599,1126
date.Day,1997-07-16,2420
date.Day,1997-07-15,2486
account.account_id,597,1080
date.Day,1997-07-14,2393
account.account_id,598,1146
date.Day,1997-07-13,2508
account.account_id,595,1112
date.Day,1997-07-12,2566
account.account_id,596,1162
date.Day,1997-07-11,2498
account.account_id,593,1137
date.Day,1997-07-10,2453
account.account_id,594,1125
account.account_id,591,1117
account.account_id,592,1103
date.SK_Day,19980827,2529
date.SK_Day,19980828,2462
account.account_id,588,1119
account.account_id,589,1067
account.account_id,586,1109
account.account_id,7520,1090
account.account_id,587,1104
account.account_id,584,1114
account.account_id,585,1120
account.account_id,582,1096
account.account_id,580,1171
account.account_id,581,1118
account.account_id,590,1191
account.account_id,7523,1107
account.account_id,8856,1057
account.account_id,10202,1109
account.account_id,579,1066
account.account_id,577,1073
account.account_id,578,1112
account.account_id,575,1118
account.account_id,576,1154
account.account_id,573,1147
account.account_id,574,1116
account.account_id,571,1142
account.account_id,572,1121
account.account_id,570,1139
account.account_id,605,1134
account.account_id,606,1142
account.account_id,603,1091
account.account_id,604,1099
account.account_id,601,1093
account.account_id,602,1100
account.account_id,600,1057
account.account_id,10220,1144
account.account_id,8919,1092
account.account_id,609,1132
account.account_id,10227,1089
account.account_id,607,1135
account.account_id,608,1106
account.account_id,8926,1125
account.account_id,10215,1112
account.account_id,10243,1086
account.account_id,8931,1064
account.account_id,8934,1041
account.account_id,7607,1111
account.account_id,7606,1131
account.account_id,10233,1058
account.account_id,7614,1145
account.account_id,7618,1100
account.account_id,649,1153
date.SK_Day,19960411,2522
date.SK_Day,19960410,2401
account.account_id,647,1112
date.SK_Day,19960413,2570
account.account_id,648,1122
date.SK_Day,19960412,2564
account.account_id,645,1120
account.account_id,646,1131
account.account_id,643,1154
account.account_id,644,1056
account.account_id,641,1117
date.SK_Day,19960419,2527
date.SK_Day,19960418,2502
account.account_id,1480,1183
account.account_id,1481,1086
account.account_id,640,1114
date.SK_Day,19960415,2465
date.SK_Day,19960414,2435
date.SK_Day,19960417,2489
date.SK_Day,19960416,2384
account.account_id,1486,1115
account.account_id,10266,1130
account.account_id,1487,1104
account.account_id,1488,1135
account.account_id,1482,1124
account.account_id,1483,1125
account.account_id,1484,1105
account.account_id,1485,1118
account.district_name,Prostejov,56822
account.account_id,638,1115
account.account_id,639,1088
account.account_id,636,1091
date.SK_Day,19960402,2458
account.account_id,637,1096
date.SK_Day,19960401,2348
account.account_id,635,1105
account.account_id,632,1181
account.account_id,633,1100
account.account_id,630,1107
date.SK_Day,19960408,2495
account.account_id,1490,1130
account.account_id,631,1121
date.SK_Day,19960407,2444
account.account_id,1491,1081
account.account_id,1492,1130
date.SK_Day,19960409,2571
date.SK_Day,19960404,2520
date.SK_Day,19960403,2448
date.SK_Day,19960406,2415
date.SK_Day,19960405,2435
account.account_id,1497,1057
account.account_id,1498,1145
account.account_id,1499,1073
account.account_id,1493,1126
account.account_id,1494,1116
account.account_id,1495,1127
account.account_id,1496,1169
account.district_name,Decin,54801
account.account_id,10257,1112
account.account_id,627,1094
account.account_id,628,1154
account.account_id,625,1077
account.account_id,626,1123
account.account_id,623,1137
account.account_id,624,1116
account.account_id,621,1158
account.account_id,622,1124
account.account_id,620,1135
account.account_id,629,1202
account.account_id,616,1105
account.account_id,617,1106
account.account_id,614,1109
account.account_id,615,1136
account.account_id,612,1098
account.account_id,613,1031
account.account_id,610,1128
account.account_id,611,1073
account.account_id,10280,1139
account.account_id,618,1093
account.account_id,619,1135
date.Day,1994-12-01,2508
date.Day,1994-12-02,2464
date.Day,1994-12-03,2469
date.Day,1994-12-04,2433
date.Day,1994-12-05,2473
date.Day,1994-12-06,2513
date.Day,1994-12-07,2429
date.Day,1994-12-08,2443
account.account_id,1442,1100
account.account_id,2774,1146
date.SK_Day,19971113,2508
account.account_id,2773,1109
account.account_id,1443,1155
date.SK_Day,19971114,2411
account.account_id,2776,1222
account.account_id,1444,1136
date.SK_Day,19971115,2347
account.account_id,1445,1091
account.account_id,2775,1117
date.SK_Day,19971116,2503
account.account_id,2770,1124
date.SK_Day,19971110,2400
account.account_id,1440,1134
account.account_id,2772,1075
date.SK_Day,19971111,2491
account.account_id,2771,1062
account.account_id,1441,1115
date.SK_Day,19971112,2489
date.Day,1994-12-09,2524
account.account_id,2778,1091
account.account_id,1446,1119
date.SK_Day,19971117,2541
account.account_id,2777,1169
account.account_id,1447,1126
date.SK_Day,19971118,2465
account.account_id,1448,1056
date.SK_Day,19971119,2504
account.account_id,2779,1087
account.account_id,1449,1133
account.account_id,1453,1130
date.SK_Day,19971124,2446
account.account_id,1454,1131
account.account_id,2784,1069
date.SK_Day,19971125,2421
account.account_id,2787,1152
account.account_id,1455,1133
account.account_id,10297,1138
date.SK_Day,19971126,2427
account.account_id,1456,1057
date.SK_Day,19971127,2613
account.account_id,2781,1103
date.SK_Day,19971120,2479
account.account_id,1450,1064
account.account_id,2780,1089
date.SK_Day,19971121,2458
account.account_id,1451,1136
account.account_id,2783,1119
date.SK_Day,19971122,2420
account.account_id,2782,1105
account.account_id,1452,1125
date.SK_Day,19971123,2492
account.account_id,2789,1063
date.SK_Day,19971128,2485
account.account_id,1458,1080
account.account_id,2788,1091
account.account_id,1459,1142
date.Day,1994-12-23,2506
date.Day,1994-12-24,2453
date.Day,1994-12-25,2408
date.Day,1994-12-26,2482
date.Day,1994-12-27,2499
date.Day,1994-12-28,2553
account.account_id,2790,1131
date.Day,1994-12-20,2568
date.Day,1994-12-21,2470
date.Day,1994-12-22,2501
account.account_id,1464,1068
account.account_id,2796,1134
account.account_id,1465,1113
account.account_id,2795,1066
account.account_id,2798,1129
account.account_id,1466,1091
account.account_id,1467,1133
account.account_id,2797,1117
account.account_id,2792,1117
account.account_id,1460,1099
account.account_id,1461,1113
account.account_id,2791,1107
account.account_id,2794,1111
account.account_id,2793,1103
account.account_id,1463,1119
account.account_id,1468,1102
account.account_id,1469,1146
account.account_id,2799,1110
date.SK_Day,19960422,2515
date.Day,1994-12-12,2463
date.SK_Day,19960421,2442
date.Day,1994-12-13,2510
date.SK_Day,19960424,2447
date.Day,1994-12-14,2464
date.SK_Day,19960423,2485
date.Day,1994-12-15,2374
date.Day,1994-12-16,2437
date.Day,1994-12-17,2495
date.SK_Day,19960420,2524
date.Day,1994-12-18,2473
date.Day,1994-12-19,2487
account.account_id,1470,1102
date.SK_Day,19960426,2495
date.SK_Day,19960425,2569
date.SK_Day,19960428,2502
date.Day,1994-12-10,2456
date.SK_Day,19960427,2507
date.Day,1994-12-11,2493
account.account_id,1475,1154
account.account_id,1476,1090
account.account_id,1477,1090
account.account_id,1478,1198
account.account_id,1471,1131
account.account_id,1472,1078
account.account_id,1473,1123
account.account_id,1474,1111
account.account_id,1479,1136
date.Month,1993-12,68982
date.Month,1993-11,69176
date.Month,1993-10,69588
account.account_id,2730,1078
date.SK_Day,19930607,2456
date.SK_Day,19930606,2482
account.account_id,2732,1096
date.SK_Day,19930605,2545
account.account_id,1401,1104
account.account_id,2731,1103
date.SK_Day,19930604,2458
date.SK_Day,19930609,2569
date.SK_Day,19930608,2474
account.account_id,1406,1160
account.account_id,2738,1120
account.account_id,1407,1107
account.account_id,2737,1107
account.account_id,1408,1168
account.account_id,2739,1137
account.account_id,1402,1136
account.account_id,2734,1069
date.SK_Day,19930603,2485
account.account_id,1403,1080
account.account_id,2733,1121
date.SK_Day,19930602,2434
account.account_id,2736,1172
account.account_id,1404,1135
date.SK_Day,19930601,2454
account.account_id,1405,1097
date.Month,1993-03,69305
date.Month,1993-02,69720
date.Month,1993-01,68850
account.account_id,2741,1071
date.SK_Day,19930618,2515
account.account_id,1410,1085
account.account_id,2740,1136
date.SK_Day,19930617,2468
account.account_id,2743,1117
account.account_id,1411,1051
date.SK_Day,19930616,2636
date.Month,1993-09,69323
account.account_id,1412,1112
account.account_id,2742,1117
date.SK_Day,19930615,2439
date.Month,1993-08,69823
date.Month,1993-07,69682
date.Month,1993-06,69423
date.Month,1993-05,69011
date.SK_Day,19930619,2512
date.Month,1993-04,69300
account.account_id,2749,1121
account.account_id,1417,1133
date.SK_Day,19930610,2541
account.account_id,1418,1116
account.account_id,1419,1115
account.account_id,1413,1143
account.account_id,2745,1061
date.SK_Day,19930614,2571
account.account_id,1414,1177
account.account_id,2744,1119
date.SK_Day,19930613,2446
account.account_id,2747,1112
date.SK_Day,19930612,2476
account.account_id,1416,1124
account.account_id,2746,1066
date.SK_Day,19930611,2490
account.account_id,2752,1075
account.account_id,1420,1103
account.account_id,2751,1083
account.account_id,1421,1077
account.account_id,2754,1109
account.account_id,1422,1088
account.account_id,1423,1102
account.account_id,2753,1174
account.account_id,2750,1057
account.account_id,2759,1122
account.account_id,1429,1081
account.account_id,1424,1037
account.account_id,2756,1071
account.account_id,2755,1143
account.account_id,1425,1123
account.account_id,1426,1174
account.account_id,2758,1047
account.account_id,2757,1112
account.account_id,1427,1155
account.district_name,Praha - vychod,52943
account.account_id,1431,1064
account.account_id,2763,1086
date.SK_Day,19971102,2535
account.account_id,2762,1133
account.account_id,1432,1114
date.SK_Day,19971103,2500
account.account_id,2765,1107
date.SK_Day,19971104,2493
account.account_id,1434,1108
account.account_id,2764,1125
date.SK_Day,19971105,2404
account.account_id,2761,1122
account.account_id,1430,1079
account.account_id,2760,1112
date.SK_Day,19971101,2441
account.account_id,1439,1118
account.account_id,1435,1085
account.account_id,2767,1128
date.SK_Day,19971106,2473
account.account_id,2766,1077
account.account_id,1436,1129
date.SK_Day,19971107,2444
account.account_id,1437,1106
date.SK_Day,19971108,2448
account.account_id,2768,1104
account.account_id,1438,1194
date.SK_Day,19971109,2435
account.account_id,2808,1123
account.account_id,2807,1100
account.account_id,2809,1188
date.SK_Day,19980902,2471
date.SK_Day,19980903,2494
date.SK_Day,19980901,2504
account.account_id,2814,1075
account.account_id,2817,1085
account.account_id,2816,1086
account.account_id,2811,1063
account.account_id,2810,1170
account.account_id,2813,1037
account.account_id,2812,1119
account.account_id,5092,1123
account.account_id,2819,1094
account.account_id,2818,1143
date.SK_Day,19980910,2317
date.SK_Day,19980913,2396
date.SK_Day,19980914,2550
date.SK_Day,19980911,2552
date.SK_Day,19980912,2482
date.SK_Day,19980906,2493
date.SK_Day,19980907,2471
account.account_id,2820,1126
date.SK_Day,19980904,2470
date.SK_Day,19980905,2454
date.SK_Day,19980908,2525
date.SK_Day,19980909,2452
account.account_id,2826,1073
account.account_id,2825,1077
account.account_id,2827,1142
account.account_id,2821,1089
account.account_id,2824,1105
account.account_id,2823,1107
account.account_id,2829,1152
date.SK_Day,19980920,2451
date.SK_Day,19980921,2529
date.SK_Day,19980924,2538
date.SK_Day,19980925,2478
date.SK_Day,19980922,2397
date.SK_Day,19980923,2492
date.SK_Day,19980917,2512
date.SK_Day,19930628,2431
date.SK_Day,19980918,2521
account.account_id,2831,1104
date.SK_Day,19930627,2571
date.SK_Day,19980915,2449
date.Day,1998-05-10,2455
account.account_id,1500,1148
account.account_id,2830,1128
date.SK_Day,19980916,2513
date.SK_Day,19930626,2524
date.Day,1998-05-11,2566
date.SK_Day,19980919,2531
account.account_id,2837,1121
account.account_id,1505,1070
date.SK_Day,19930621,2407
date.Day,1998-05-16,2502
account.account_id,1506,1209
account.account_id,2836,1112
date.SK_Day,19930620,2502
date.Day,1998-05-17,2406
account.account_id,2839,1123
account.account_id,1507,1106
date.Day,1998-05-18,2512
account.account_id,1508,1095
account.account_id,2838,1074
date.Day,1998-05-19,2434
account.account_id,1501,1120
account.account_id,2833,1165
date.SK_Day,19930625,2486
date.Day,1998-05-12,2442
account.account_id,1502,1127
account.account_id,2832,1101
date.SK_Day,19930624,2519
date.Day,1998-05-13,2478
account.account_id,1503,1094
account.account_id,2835,1089
date.SK_Day,19930623,2535
date.Day,1998-05-14,2448
account.account_id,1504,1088
account.account_id,2834,1088
date.SK_Day,19930622,2463
date.Day,1998-05-15,2460
account.account_id,1509,1108
date.Day,1998-05-09,2413
account.account_id,2840,1111
date.SK_Day,19980928,2452
account.account_id,2842,1106
account.account_id,1510,1023
date.SK_Day,19980926,2523
account.account_id,2841,1110
account.account_id,1511,1064
date.SK_Day,19980927,2464
account.account_id,1516,1096
date.Day,1998-05-05,2455
account.account_id,2847,1066
account.account_id,1517,1152
date.Day,1998-05-06,2455
account.account_id,1518,1092
date.Day,1998-05-07,2481
account.account_id,1519,1126
account.account_id,2849,1070
date.Day,1998-05-08,2338
account.account_id,1512,1093
account.account_id,2844,1140
date.Day,1998-05-01,2566
account.account_id,1513,1139
account.account_id,2843,1093
date.Day,1998-05-02,2559
account.account_id,1514,1065
account.account_id,2846,1124
date.Day,1998-05-03,2532
account.account_id,1515,1169
account.account_id,2845,1099
date.Day,1998-05-04,2495
date.Day,1993-05-14,2462
date.Day,1993-05-13,2501
date.Day,1993-05-16,2467
date.Day,1993-05-15,2538
date.Day,1993-05-10,2515
date.Day,1993-05-12,2390
date.Day,1993-05-11,2500
date.Day,1993-05-18,2447
date.Day,1993-05-17,2380
date.Day,1993-05-19,2449
date.Day,1993-05-03,2516
date.Day,1993-05-02,2460
date.Day,1993-05-05,2487
date.Day,1993-05-04,2444
date.Day,1993-05-01,2513
date.Day,1993-05-07,2492
date.Day,1993-05-06,2453
date.Day,1993-05-09,2440
date.Day,1993-05-08,2378
account.account_id,5066,1024
account.account_id,6397,1112
account.account_id,5065,1117
account.account_id,5063,1087
account.region,central Bohemia,636691
account.account_id,5072,1137
date.Day,1993-05-25,2561
date.Day,1993-05-24,2475
date.Day,1993-05-27,2557
date.Day,1993-05-26,2416
date.Day,1993-05-21,2458
date.Day,1993-05-20,2438
date.Day,1993-05-23,2542
date.Day,1993-05-22,2486
account.account_id,2804,1068
account.account_id,2803,1152
account.account_id,2806,1145
account.account_id,2805,1077
account.account_id,2800,1095
date.Day,1993-05-28,2428
account.account_id,2802,1117
account.account_id,2801,1094
account.account_id,689,1097
account.account_id,687,1145
account.account_id,688,1163
account.account_id,685,1141
account.account_id,686,1079
account.account_id,5001,1092
account.account_id,683,1088
account.account_id,684,1100
account.account_id,682,1120
account.account_id,680,1114
date.Day,1994-05-28,2543
date.Day,1994-05-27,2453
date.Day,1994-05-22,2379
date.Day,1994-05-21,2478
date.Day,1994-05-20,2455
account.account_id,8998,1121
date.Day,1994-05-26,2444
date.Day,1994-05-25,2512
date.Day,1994-05-24,2512
date.Day,1994-05-23,2524
account.account_id,678,1116
account.account_id,679,1092
account.account_id,676,1105
account.account_id,677,1146
account.account_id,5011,1165
account.account_id,674,1080
account.account_id,7674,1103
account.account_id,675,1128
account.account_id,672,1157
account.account_id,673,1099
account.account_id,671,1054
account.district_name,Rychnov nad Kneznou,58325
account.account_id,669,1120
account.account_id,665,1166
account.account_id,666,1167
account.account_id,664,1167
account.account_id,6353,1088
account.account_id,662,1173
account.account_id,660,1132
account.account_id,6358,1066
account.account_id,5024,1080
account.account_id,658,1121
account.account_id,659,1103
account.account_id,656,1108
account.account_id,657,1095
account.account_id,654,1048
account.account_id,655,1122
account.account_id,652,1136
account.account_id,5033,1155
account.account_id,653,1145
account.account_id,6363,1159
account.account_id,650,1113
account.account_id,651,1138
account.account_id,8957,1031
status.status,Contract Finished/No Problems,1248285
date.Month,1998-12,69397
date.Month,1998-11,68961
date.Month,1998-10,69687
account.account_id,6306,1126
account.account_id,7637,1085
date.Day,1998-05-20,2466
account.account_id,7636,1151
date.Day,1998-05-21,2447
date.Day,1998-05-22,2476
account.account_id,7632,1079
date.Day,1998-05-27,2475
date.Day,1998-05-28,2450
date.Day,1998-05-23,2499
date.Day,1998-05-24,2532
date.Day,1998-05-25,2492
date.Day,1998-05-26,2461
account.account_id,8972,1105
account.account_id,698,1086
account.account_id,8982,1103
account.account_id,699,1158
account.account_id,696,1131
account.account_id,6321,1195
account.account_id,697,1109
account.account_id,694,1065
account.account_id,695,1141
account.account_id,692,1126
account.account_id,693,1097
account.account_id,690,1137
account.account_id,691,1049
account.account_id,726,1101
account.account_id,727,1078
account.account_id,725,1127
account.account_id,722,1115
account.account_id,720,1188
account.account_id,721,1074
date.Day,1996-01-16,2467
date.Day,1996-01-17,2576
date.Day,1996-01-14,2444
date.Day,1996-01-15,2596
date.Day,1996-01-12,2546
date.Day,1996-01-13,2430
date.Day,1996-01-10,2468
date.Day,1996-01-11,2472
date.Day,1996-01-18,2475
date.Day,1996-01-19,2475
account.account_id,10105,1138
account.account_id,728,1094
account.account_id,729,1136
account.account_id,715,1084
date.Day,1995-08-02,2394
account.account_id,716,1125
date.Day,1995-08-01,2531
account.account_id,713,1128
account.account_id,714,1112
account.account_id,711,1127
date.Day,1995-08-06,2429
account.account_id,712,1058
date.Day,1995-08-05,2467
date.Day,1995-08-04,2509
account.account_id,710,1090
date.Day,1995-08-03,2473
date.Day,1996-01-05,2437
date.Day,1996-01-06,2458
date.Day,1995-08-09,2497
date.Day,1995-08-08,2469
date.Day,1996-01-03,2466
date.Day,1996-01-04,2504
date.Day,1995-08-07,2512
date.Day,1996-01-01,2457
date.Day,1996-01-02,2412
account.account_id,7713,1114
date.Day,1996-01-09,2423
date.Day,1996-01-07,2520
date.Day,1996-01-08,2414
account.account_id,719,1124
account.account_id,717,1125
account.account_id,718,1109
account.account_id,704,1139
date.Day,1995-08-13,2487
date.Month,1998-02,69581
account.account_id,705,1118
date.Day,1995-08-12,2426
date.Month,1998-01,69385
account.account_id,702,1110
date.Day,1995-08-11,2510
date.Month,1998-04,69360
account.account_id,703,1118
date.Day,1995-08-10,2488
date.Month,1998-03,69403
account.account_id,700,1114
date.Day,1995-08-17,2410
date.Month,1998-06,69620
account.account_id,701,1091
date.Day,1995-08-16,2374
date.Month,1998-05,69199
date.Day,1995-08-15,2523
date.Month,1998-08,69308
date.Day,1995-08-14,2404
date.Month,1998-07,69794
date.Day,1995-08-19,2429
date.Day,1995-08-18,2448
account.account_id,7721,1097
date.Month,1998-09,69160
account.account_id,708,1117
date.Day,1995-08-20,2466
account.account_id,709,1161
account.account_id,706,1087
date.Day,1995-08-24,2462
date.Day,1995-08-23,2421
date.Day,1995-08-22,2518
date.Day,1995-08-21,2467
date.Day,1995-08-28,2410
date.Day,1995-08-27,2408
date.Day,1995-08-26,2559
date.Day,1995-08-25,2459
account.account_id,7733,1135
account.account_id,6400,1138
account.account_id,768,1043
account.account_id,766,1091
account.account_id,767,1110
account.account_id,764,1087
account.account_id,765,1117
account.account_id,762,1109
account.account_id,763,1050
account.account_id,760,1133
account.account_id,761,1103
account.account_id,10148,1136
account.account_id,759,1065
date.SK_Day,19960521,2519
date.SK_Day,19960520,2519
account.account_id,757,1157
date.SK_Day,19960523,2431
account.account_id,758,1154
date.SK_Day,19960522,2393
account.account_id,755,1113
account.account_id,756,1054
account.account_id,753,1121
account.account_id,754,1167
account.account_id,751,1024
account.account_id,752,1104
date.SK_Day,19960528,2409
account.account_id,750,1070
date.SK_Day,19960525,2482
date.SK_Day,19960524,2487
date.SK_Day,19960527,2456
date.SK_Day,19960526,2495
account.account_id,10134,1090
account.district_name,Strakonice,39905
account.account_id,10131,1129
account.account_id,748,1082
date.SK_Day,19960510,2471
account.account_id,749,1134
account.account_id,746,1099
date.SK_Day,19960512,2522
account.account_id,747,1137
date.SK_Day,19960511,2469
account.account_id,744,1100
account.account_id,745,1086
account.account_id,742,1113
account.account_id,743,1101
account.account_id,740,1093
date.SK_Day,19960518,2448
account.account_id,741,1088
date.SK_Day,19960517,2406
date.SK_Day,19960519,2461
date.SK_Day,19960514,2500
date.SK_Day,19960513,2438
date.SK_Day,19960516,2485
date.SK_Day,19960515,2481
date.Day,1994-05-08,2553
date.Day,1994-05-07,2438
date.Day,1994-05-06,2435
date.Day,1994-05-05,2454
date.Day,1994-05-09,2544
date.Day,1994-05-04,2442
date.Day,1994-05-03,2485
date.Day,1994-05-02,2589
date.Day,1994-05-01,2476
account.account_id,737,1143
account.account_id,738,1127
account.account_id,735,1114
date.SK_Day,19960501,2481
account.account_id,736,1113
account.account_id,733,1117
account.account_id,734,1107
account.account_id,731,1152
account.account_id,732,1125
date.SK_Day,19960507,2467
account.account_id,730,1172
date.SK_Day,19960506,2481
date.SK_Day,19960509,2558
date.SK_Day,19960508,2476
date.SK_Day,19960503,2471
date.SK_Day,19960502,2483
date.SK_Day,19960505,2483
date.SK_Day,19960504,2548
date.Day,1994-05-19,2528
date.Day,1994-05-18,2432
date.Day,1994-05-17,2485
date.Day,1994-05-16,2568
account.account_id,10152,1163
date.Day,1994-05-11,2473
date.Day,1994-05-10,2497
date.Day,1994-05-15,2510
date.Day,1994-05-14,2392
account.account_id,739,1101
date.Day,1994-05-13,2502
date.Day,1994-05-12,2507
account.district_name,Sokolov,42316
account.account_id,2895,1115
account.account_id,1563,1163
account.account_id,2894,1070
account.account_id,1564,1125
account.account_id,2897,1125
account.account_id,1565,1094
account.account_id,1566,1128
account.account_id,2896,1118
account.district_name,Zdar nad Sazavou,58866
account.account_id,2891,1072
account.account_id,2890,1138
account.account_id,1560,1140
account.account_id,2893,1093
account.account_id,1561,1102
account.account_id,2892,1163
account.account_id,1562,1093
account.account_id,1567,1110
account.account_id,2899,1096
account.account_id,2898,1096
account.account_id,1568,1069
account.account_id,1574,1122
account.account_id,1575,1106
account.account_id,1576,1150
account.account_id,1577,1147
account.account_id,1570,1129
account.account_id,1571,1057
account.account_id,1572,1117
account.account_id,1573,1058
account.account_id,1578,1089
account.account_id,1579,1132
account.account_id,1580,1098
account.account_id,1585,1103
account.account_id,1586,1171
account.account_id,1587,1153
account.account_id,1588,1094
account.account_id,1581,1135
account.account_id,1582,1108
account.account_id,1583,1137
account.account_id,1584,1051
account.account_id,1589,1118
account.account_id,1590,1069
account.account_id,1591,1103
account.account_id,1596,1124
account.account_id,1597,1115
account.account_id,1598,1075
account.account_id,1599,1066
account.account_id,1592,1050
account.account_id,1593,1090
account.account_id,1594,1139
date.Day,1997-01-24,2572
date.Day,1997-01-25,2493
date.Day,1997-01-26,2449
date.Day,1997-01-27,2599
date.Day,1997-01-20,2454
date.Day,1997-01-21,2495
date.Day,1997-01-22,2502
date.Day,1997-01-23,2448
account.account_id,2851,1081
date.SK_Day,19930728,2517
account.account_id,1520,1087
account.account_id,2850,1177
date.SK_Day,19930727,2437
account.account_id,2853,1123
account.account_id,1521,1110
date.SK_Day,19930726,2508
account.account_id,2852,1134
account.account_id,1522,1145
date.SK_Day,19930725,2492
account.account_id,1527,1174
account.account_id,2859,1109
date.SK_Day,19930720,2519
account.account_id,2858,1178
account.account_id,1528,1126
account.account_id,1529,1141
account.account_id,2855,1100
account.account_id,1523,1053
date.SK_Day,19930724,2445
date.Day,1997-01-28,2459
account.account_id,1524,1122
account.account_id,2854,1116
date.SK_Day,19930723,2493
account.account_id,2857,1096
account.account_id,1525,1080
date.SK_Day,19930722,2519
account.account_id,1526,1015
account.account_id,2856,1109
date.SK_Day,19930721,2458
account.account_id,1530,1094
account.account_id,2862,1115
date.SK_Day,19971201,2523
account.account_id,2861,1111
date.SK_Day,19971202,2464
account.account_id,2864,1157
account.account_id,1532,1129
date.SK_Day,19971203,2556
account.account_id,2863,1115
date.SK_Day,19971204,2403
account.account_id,2860,1123
account.account_id,1538,1153
date.SK_Day,19971209,2435
account.account_id,1539,1113
account.account_id,2869,1062
account.account_id,1534,1102
account.account_id,2866,1117
date.SK_Day,19971205,2535
account.account_id,2865,1135
account.account_id,1535,1096
date.SK_Day,19971206,2422
account.account_id,2868,1198
account.account_id,1536,1093
date.SK_Day,19971207,2402
account.account_id,2867,1115
account.account_id,1537,1149
date.SK_Day,19971208,2527
date.Day,1997-01-02,2534
date.Day,1997-01-03,2514
date.Day,1997-01-04,2522
date.Day,1997-01-05,2424
date.Day,1997-01-01,2573
account.account_id,1541,1135
account.account_id,2873,1064
date.SK_Day,19930706,2568
date.SK_Day,19971212,2451
account.account_id,2872,1114
account.account_id,1542,1153
date.SK_Day,19930705,2527
date.SK_Day,19971213,2503
account.account_id,1543,1092
account.account_id,2875,1148
date.SK_Day,19930704,2473
date.SK_Day,19971214,2480
account.account_id,1544,1071
account.account_id,2874,1059
date.SK_Day,19930703,2537
date.SK_Day,19971215,2523
date.SK_Day,19930709,2498
account.account_id,2871,1124
date.SK_Day,19930708,2562
date.SK_Day,19971210,2436
account.account_id,1540,1108
account.account_id,2870,1108
date.SK_Day,19971211,2478
date.SK_Day,19930707,2423
account.account_id,1549,1170
account.account_id,1545,1089
account.account_id,2877,1061
date.SK_Day,19930702,2544
date.SK_Day,19971216,2420
date.Day,1997-01-06,2497
account.account_id,1546,1117
account.account_id,2876,1160
date.SK_Day,19930701,2384
date.SK_Day,19971217,2495
date.Day,1997-01-07,2539
account.account_id,2879,1110
account.account_id,1547,1173
date.SK_Day,19971218,2463
date.Day,1997-01-08,2392
account.account_id,2878,1142
account.account_id,1548,1116
date.SK_Day,19971219,2472
date.Day,1997-01-09,2530
date.Day,1997-01-13,2415
date.Day,1996-01-20,2461
date.Day,1997-01-14,2455
date.Day,1997-01-15,2457
date.Day,1997-01-16,2433
date.Day,1997-01-10,2364
date.Day,1997-01-11,2424
date.Day,1997-01-12,2414
date.Day,1996-01-27,2542
date.Day,1996-01-28,2487
date.Day,1996-01-25,2459
date.Day,1996-01-26,2468
date.Day,1996-01-23,2414
date.Day,1996-01-24,2462
date.Day,1996-01-21,2495
date.Day,1996-01-22,2507
account.account_id,2884,1078
account.account_id,1552,1070
date.SK_Day,19930717,2468
date.SK_Day,19971223,2546
account.account_id,2883,1102
account.account_id,1553,1087
date.SK_Day,19971224,2482
date.SK_Day,19930716,2572
account.account_id,1554,1138
account.account_id,2886,1097
date.SK_Day,19971225,2489
date.SK_Day,19930715,2376
account.account_id,1555,1175
account.account_id,2885,1092
date.SK_Day,19930714,2514
date.SK_Day,19971226,2443
account.account_id,2880,1123
date.SK_Day,19971220,2523
account.account_id,2882,1135
account.account_id,1550,1147
date.SK_Day,19971221,2409
date.SK_Day,19930719,2557
account.account_id,1551,1158
account.account_id,2881,1077
date.SK_Day,19971222,2476
date.SK_Day,19930718,2491
account.account_id,2888,1153
account.account_id,1556,1077
date.SK_Day,19971227,2525
date.SK_Day,19930713,2549
date.Day,1997-01-17,2498
account.account_id,1557,1127
account.account_id,2887,1090
date.SK_Day,19930712,2488
date.SK_Day,19971228,2470
date.Day,1997-01-18,2510
account.account_id,1558,1126
date.SK_Day,19930711,2567
date.Day,1997-01-19,2449
account.account_id,2889,1047
account.account_id,1559,1163
date.SK_Day,19930710,2445
account.account_id,62,1087
account.account_id,61,1122
account.account_id,6051,1155
date.Day,1998-04-20,2450
date.Day,1998-04-21,2527
account.account_id,68,1144
date.Day,1998-04-26,2458
account.account_id,67,1101
date.Day,1998-04-27,2370
date.Day,1998-04-28,2446
account.account_id,69,1188
account.account_id,64,1067
date.Day,1998-04-22,2508
account.account_id,63,1109
date.Day,1998-04-23,2486
account.account_id,66,1160
date.Day,1998-04-24,2434
account.account_id,65,1191
date.Day,1998-04-25,2525
account.account_id,51,1078
account.account_id,50,1144
date.Day,1998-04-19,2465
account.account_id,399,1178
account.district_name,Bruntal,47954
account.account_id,397,1129
account.account_id,398,1143
account.account_id,395,1085
account.account_id,6064,1146
account.account_id,396,1061
account.account_id,6062,1078
account.account_id,393,1073
account.account_id,6061,1134
date.Day,1998-04-10,2487
account.account_id,57,1107
date.Day,1998-04-15,2504
account.account_id,56,1104
date.Day,1998-04-16,2475
account.account_id,59,1093
date.Day,1998-04-17,2445
account.account_id,58,1086
date.Day,1998-04-18,2411
account.account_id,53,1055
date.Day,1998-04-11,2560
account.account_id,52,1169
date.Day,1998-04-12,2464
account.account_id,55,1077
date.Day,1998-04-13,2515
account.account_id,54,1077
date.Day,1998-04-14,2497
account.account_id,40,1081
account.account_id,388,1140
account.account_id,389,1109
account.account_id,386,1153
account.account_id,387,1130
account.account_id,384,1069
account.account_id,6075,1107
account.account_id,385,1064
account.account_id,382,1145
account.account_id,383,1107
account.account_id,391,1132
account.account_id,392,1131
account.account_id,390,1130
account.account_id,49,1125
account.account_id,3805,1107
account.account_id,3804,1116
account.account_id,45,1081
account.account_id,3807,1201
account.account_id,48,1110
account.account_id,3806,1082
account.account_id,47,1202
account.account_id,3801,1075
account.account_id,42,1132
account.account_id,3800,1160
account.account_id,41,1103
account.account_id,3803,1071
account.account_id,44,1149
account.account_id,3802,1097
account.account_id,43,1133
account.account_id,3809,1175
account.account_id,3808,1105
account.account_id,379,1136
account.account_id,377,1142
account.account_id,378,1145
account.account_id,375,1095
account.account_id,376,1118
account.account_id,373,1144
account.account_id,374,1101
account.account_id,371,1094
account.account_id,6083,1104
account.account_id,372,1090
account.account_id,381,1093
account.account_id,3810,1118
account.account_id,39,1092
account.account_id,38,1083
account.account_id,3816,1112
account.account_id,35,1093
account.account_id,3815,1172
account.account_id,34,1101
account.account_id,3818,1084
account.account_id,37,1153
account.account_id,3817,1081
account.account_id,36,1032
account.account_id,3812,1104
account.account_id,31,1127
account.account_id,3811,1110
account.account_id,30,1106
account.account_id,3814,1115
account.account_id,33,1137
account.account_id,3813,1064
account.account_id,32,1137
date.SK_Day,19940123,2527
date.SK_Day,19940122,2489
date.SK_Day,19940125,2460
date.SK_Day,19940124,2477
date.SK_Day,19940127,2506
date.SK_Day,19940126,2454
date.SK_Day,19940128,2516
account.district_name,Hl.m. Praha,616068
date.SK_Day,19940121,2491
date.SK_Day,19940120,2478
account.account_id,93,1145
account.account_id,8680,1070
account.account_id,95,1105
account.account_id,91,1080
account.account_id,90,1081
account.account_id,8688,1068
account.account_id,97,1147
account.account_id,96,1169
account.account_id,99,1102
account.account_id,98,1163
account.account_id,82,1117
date.SK_Day,19940109,2522
date.Day,1994-11-11,2455
account.account_id,81,1121
date.SK_Day,19940108,2566
date.Day,1994-11-12,2549
account.account_id,84,1126
date.Day,1994-11-13,2543
account.account_id,83,1130
date.Day,1994-11-14,2499
date.Day,1994-11-15,2456
date.Day,1998-04-08,2436
date.Day,1994-11-16,2429
date.Day,1998-04-09,2557
account.account_id,80,1145
date.Day,1994-11-17,2569
date.Day,1994-11-18,2455
date.SK_Day,19940101,2450
account.account_id,6034,1100
date.SK_Day,19940103,2506
date.SK_Day,19940102,2409
date.SK_Day,19940105,2378
account.account_id,6030,1142
date.SK_Day,19940104,2505
date.SK_Day,19940107,2575
date.SK_Day,19940106,2472
date.Day,1994-11-10,2467
date.Day,1994-11-19,2525
date.Day,1998-04-04,2493
account.account_id,89,1100
date.Day,1998-04-05,2479
date.Day,1998-04-06,2516
account.district_name,Blansko,55519
date.Day,1998-04-07,2488
account.account_id,86,1100
account.account_id,85,1100
date.Day,1998-04-01,2539
account.account_id,88,1171
date.Day,1998-04-02,2401
date.Day,1998-04-03,2579
account.account_id,71,1063
account.account_id,70,1121
date.SK_Day,19940119,2394
date.Day,1994-11-01,2447
account.account_id,73,1081
date.Day,1994-11-02,2479
account.account_id,72,1067
date.Day,1994-11-03,2397
date.Day,1994-11-04,2414
date.Day,1994-11-05,2543
date.Day,1994-11-06,2458
date.Day,1994-11-07,2487
date.SK_Day,19940112,2429
date.SK_Day,19940111,2376
date.SK_Day,19940114,2563
date.SK_Day,19940113,2385
date.SK_Day,19940116,2411
date.SK_Day,19940115,2485
account.account_id,6040,1129
date.SK_Day,19940118,2369
date.SK_Day,19940117,2464
date.SK_Day,19940110,2302
account.account_id,79,1152
date.Day,1994-11-08,2526
account.account_id,78,1063
date.Day,1994-11-09,2524
account.account_id,75,1109
account.account_id,77,1036
account.account_id,76,1195
account.account_id,328,1189
account.account_id,329,1062
account.account_id,326,1128
account.account_id,327,1131
account.account_id,324,1181
account.account_id,325,1117
account.account_id,322,1048
account.account_id,323,1061
account.account_id,320,1128
account.account_id,321,1137
account.account_id,8639,1161
account.account_id,319,1062
account.account_id,317,1136
account.account_id,318,1138
account.account_id,315,1138
account.account_id,316,1108
account.account_id,313,1073
account.account_id,314,1105
account.account_id,311,1093
account.account_id,312,1078
account.account_id,8645,1133
account.account_id,308,1080
account.account_id,309,1108
account.account_id,306,1116
account.account_id,307,1131
account.account_id,304,1153
account.account_id,305,1118
account.account_id,302,1153
account.account_id,303,1027
account.account_id,300,1185
account.account_id,301,1092
account.account_id,368,1123
account.account_id,366,1148
account.account_id,367,1153
account.account_id,364,1141
account.account_id,365,1045
account.account_id,362,1122
account.account_id,363,1095
account.account_id,360,1178
account.account_id,361,1096
account.account_id,9928,1080
account.account_id,370,1214
account.account_id,27,1141
account.account_id,29,1094
account.account_id,24,1085
account.account_id,23,1099
account.account_id,26,1143
account.account_id,25,1072
account.account_id,20,1151
account.account_id,22,1077
account.account_id,21,1071
date.Day,1996-07-28,2503
date.Day,1996-07-27,2471
account.account_id,359,1098
account.account_id,357,1041
account.account_id,358,1100
account.account_id,355,1115
date.Day,1996-07-20,2544
account.account_id,356,1064
account.account_id,353,1057
account.district_name,Teplice,48728
date.Day,1996-07-22,2516
account.account_id,354,1074
date.Day,1996-07-21,2484
account.account_id,351,1097
date.Day,1996-07-24,2489
account.account_id,352,1092
date.Day,1996-07-23,2441
date.Day,1996-07-26,2514
account.account_id,350,1132
date.Day,1996-07-25,2530
account.account_id,17,1088
account.account_id,16,1127
account.account_id,19,1104
account.account_id,18,1159
account.account_id,13,1101
account.account_id,12,1125
account.account_id,15,1063
account.account_id,14,1106
account.account_id,11,1075
account.account_id,10,1145
date.Day,1996-07-17,2460
date.Day,1996-07-16,2541
date.Day,1996-07-19,2378
date.Day,1996-07-18,2500
account.account_id,348,1133
account.account_id,349,1107
account.account_id,346,1086
account.account_id,347,1080
account.account_id,344,1100
account.account_id,345,1171
account.account_id,342,1180
date.Day,1996-07-11,2481
account.account_id,343,1149
date.Day,1996-07-10,2553
account.account_id,340,1120
date.Day,1996-07-13,2489
account.account_id,341,1095
date.Day,1996-07-12,2471
date.Day,1996-07-15,2547
date.Day,1996-07-14,2502
date.Day,1996-07-06,2450
date.Day,1996-07-05,2504
account.account_id,339,1101
date.Day,1996-07-08,2499
date.Day,1996-07-07,2494
account.account_id,337,1120
account.account_id,338,1175
date.Day,1996-07-09,2530
account.account_id,335,1146
account.account_id,336,1137
account.account_id,333,1141
account.account_id,334,1125
account.account_id,331,1143
account.account_id,332,1177
account.district_name,Opava,61950
date.Day,1996-07-02,2425
account.account_id,330,1123
date.Day,1996-07-01,2493
date.Day,1996-07-04,2456
date.Day,1996-07-03,2440
account.account_id,8625,1091
account.account_id,8628,1098
date.SK_Day,19960611,2472
date.SK_Day,19960610,2500
account.account_id,1280,1089
date.SK_Day,19960617,2424
account.account_id,1281,1084
date.SK_Day,19960616,2542
date.SK_Day,19960619,2501
date.SK_Day,19960618,2441
date.SK_Day,19960613,2530
date.SK_Day,19960612,2497
date.SK_Day,19960615,2474
date.SK_Day,19960614,2458
account.account_id,1288,1106
account.account_id,1289,1109
account.account_id,1284,1082
account.account_id,1285,1042
date.SK_Day,19960609,2500
account.account_id,1286,1109
account.account_id,1287,1070
account.account_id,11317,1126
date.Day,1997-06-09,2507
date.Day,1997-06-08,2477
date.Day,1997-06-07,2422
date.Day,1997-06-06,2519
date.Day,1997-06-05,2570
date.Day,1997-06-04,2471
date.Day,1997-06-03,2439
account.account_id,1291,1071
date.SK_Day,19960606,2474
date.Day,1997-06-02,2488
account.account_id,1292,1140
date.SK_Day,19960605,2564
date.Day,1997-06-01,2521
account.account_id,1293,1126
date.SK_Day,19960608,2503
account.account_id,1294,1108
date.SK_Day,19960607,2548
date.SK_Day,19960602,2443
date.SK_Day,19960601,2539
date.SK_Day,19960604,2495
date.SK_Day,19960603,2568
account.account_id,1299,1122
account.account_id,1295,1104
account.account_id,1296,1140
account.account_id,1297,1134
account.account_id,1298,1148
account.account_id,11333,1070
account.account_id,10001,1147
account.district_name,Havlickuv Brod,53378
account.account_id,10005,1137
account.account_id,11320,1139
account.account_id,11328,1109
account.account_id,11327,1069
account.account_id,11325,1115
account.account_id,407,1107
date.Day,1995-09-04,2503
account.account_id,408,1183
date.Day,1995-09-05,2502
account.account_id,405,1131
date.Day,1995-09-06,2541
account.account_id,406,1092
date.Day,1995-09-07,2488
account.account_id,403,1083
account.account_id,404,1120
date.Day,1995-09-01,2510
account.account_id,401,1120
date.Day,1995-09-02,2476
account.account_id,402,1091
date.Day,1995-09-03,2527
account.account_id,400,1094
account.account_id,2570,1106
date.Day,1995-09-08,2511
date.Day,1995-09-09,2444
account.account_id,1244,1085
account.account_id,2576,1128
account.account_id,2575,1069
account.account_id,1245,1100
account.account_id,2578,1084
account.account_id,1246,1074
account.account_id,10022,1115
account.account_id,2577,1119
account.account_id,1247,1134
account.account_id,2572,1101
account.account_id,1240,1079
account.account_id,2571,1084
account.account_id,1241,1066
account.account_id,2574,1103
account.account_id,1242,1125
account.account_id,2573,1063
account.account_id,1243,1188
date.Day,1995-09-10,2555
account.account_id,1248,1147
account.account_id,1249,1179
account.account_id,11359,1110
account.account_id,2579,1129
account.account_id,409,1086
date.Day,1995-10-04,2390
date.Day,1995-09-15,2446
date.Day,1995-10-05,2467
date.Day,1995-09-16,2513
date.Day,1995-10-02,2449
date.Day,1995-09-17,2460
date.Day,1995-10-03,2475
date.Day,1995-09-18,2504
date.Day,1995-09-11,2422
date.Day,1993-12-01,2567
date.Day,1995-10-01,2517
date.Day,1995-09-12,2494
date.Day,1995-09-13,2459
date.Day,1995-09-14,2476
date.Day,1993-12-04,2521
date.Day,1993-12-05,2498
account.account_id,2581,1076
date.Day,1993-12-02,2431
account.account_id,2580,1081
account.account_id,1250,1111
date.Day,1993-12-03,2466
date.Day,1993-12-08,2428
date.Day,1995-09-19,2539
date.Day,1993-12-09,2534
date.Day,1993-12-06,2463
date.Day,1993-12-07,2474
account.account_id,1255,1090
account.account_id,2587,1100
account.account_id,1256,1153
account.account_id,2586,1109
account.account_id,2589,1121
account.account_id,1257,1152
account.account_id,1258,1191
account.account_id,2588,1118
account.account_id,2583,1140
account.account_id,1251,1126
account.account_id,1252,1068
account.account_id,2582,1114
account.account_id,1253,1138
account.account_id,2585,1134
account.account_id,1254,1122
account.account_id,2584,1130
account.account_id,10019,1110
date.Day,1995-09-20,2497
date.Day,1995-09-21,2503
account.account_id,11349,1095
account.account_id,1259,1146
date.Day,1995-10-08,2532
account.account_id,10018,1138
date.Day,1995-10-09,2492
date.Day,1995-10-06,2570
date.Day,1995-10-07,2422
account.district_name,Rakovnik,41297
date.Day,1995-10-15,2540
date.Day,1995-09-26,2412
date.Day,1995-10-16,2550
date.Day,1995-09-27,2491
date.Day,1995-09-28,2558
date.Day,1995-10-13,2481
date.Day,1995-10-14,2517
date.Day,1995-10-11,2508
date.Day,1995-09-22,2491
date.Day,1995-09-23,2565
date.Day,1995-10-12,2495
date.Day,1995-09-24,2456
date.Day,1995-09-25,2453
date.Day,1995-10-10,2438
account.account_id,2590,1150
account.account_id,2592,1118
account.account_id,1260,1139
account.account_id,1261,1099
account.account_id,2591,1057
account.account_id,1266,1095
account.account_id,2598,1111
account.account_id,1267,1116
account.account_id,2597,1084
account.account_id,1268,1109
account.account_id,1269,1168
account.account_id,2599,1151
account.account_id,1262,1087
account.account_id,2594,1079
account.account_id,1263,1159
account.account_id,2593,1115
account.account_id,2596,1133
account.account_id,1264,1082
account.account_id,1265,1165
account.account_id,2595,1129
date.Day,1995-10-19,2462
date.Day,1995-10-17,2371
account.account_id,10049,1111
date.Day,1995-10-18,2516
date.SK_Day,19960620,2515
date.Day,1995-10-26,2444
date.Day,1995-10-27,2429
date.SK_Day,19960622,2421
date.Day,1995-10-24,2517
date.SK_Day,19960621,2576
date.Day,1995-10-25,2456
date.Day,1995-10-22,2416
date.Day,1995-10-23,2468
date.Day,1995-10-20,2513
date.Day,1995-10-21,2479
date.SK_Day,19960628,2441
account.account_id,1270,1135
date.SK_Day,19960627,2508
account.account_id,1271,1181
account.account_id,1272,1097
date.SK_Day,19960624,2473
date.SK_Day,19960623,2499
date.SK_Day,19960626,2473
date.SK_Day,19960625,2540
account.account_id,1277,1108
account.account_id,10036,1149
account.account_id,1279,1107
account.account_id,1273,1115
account.account_id,11362,1092
account.account_id,1274,1112
account.account_id,1275,1061
account.account_id,1276,1089
date.Day,1995-10-28,2476
account.account_id,10068,1055
account.account_id,2532,1074
account.account_id,3863,1121
account.account_id,1200,1140
date.SK_Day,19930805,2462
account.account_id,2531,1142
account.account_id,1201,1105
account.account_id,3862,1135
date.SK_Day,19930804,2603
account.account_id,2534,1131
account.account_id,3865,1167
date.SK_Day,19930803,2508
account.account_id,1203,1116
account.account_id,2533,1102
account.account_id,3864,1104
date.SK_Day,19930802,2529
date.SK_Day,19930809,2370
account.account_id,10065,1082
date.SK_Day,19930808,2535
account.account_id,3861,1049
account.account_id,2530,1142
date.SK_Day,19930807,2570
account.account_id,10063,1097
account.account_id,3860,1115
date.SK_Day,19930806,2527
account.account_id,1208,1106
account.account_id,2539,1156
account.account_id,1209,1114
account.account_id,1204,1137
account.account_id,3867,1091
account.account_id,2536,1108
date.SK_Day,19930801,2624
account.account_id,3866,1102
account.account_id,1205,1077
account.account_id,2535,1077
account.account_id,1206,1132
account.account_id,3869,1090
account.account_id,2538,1112
account.account_id,1207,1015
account.account_id,3868,1132
account.account_id,2537,1074
account.account_id,1211,1101
account.account_id,3874,1155
account.account_id,2543,1132
date.SK_Day,19930816,2482
account.account_id,2542,1125
account.account_id,1212,1125
date.SK_Day,19930815,2480
account.account_id,1213,1151
account.account_id,2545,1052
account.account_id,3876,1049
date.SK_Day,19930814,2495
account.account_id,3875,1132
account.account_id,2544,1104
account.account_id,1214,1113
date.SK_Day,19930813,2456
account.account_id,3870,1100
date.SK_Day,19930819,2434
account.account_id,3872,1096
account.account_id,2541,1028
date.SK_Day,19930818,2446
account.account_id,1210,1128
account.account_id,11382,1122
account.account_id,2540,1131
account.account_id,3871,1047
date.SK_Day,19930817,2409
account.account_id,1219,1064
account.account_id,3878,1096
account.account_id,2547,1117
account.account_id,1215,1093
date.SK_Day,19930812,2546
account.account_id,2546,1170
account.account_id,3877,1158
account.account_id,1216,1165
date.SK_Day,19930811,2489
account.account_id,1217,1084
account.account_id,2549,1131
date.SK_Day,19930810,2520
account.account_id,2548,1057
account.account_id,1218,1111
date.Day,1993-12-11,2482
date.Day,1993-12-12,2393
date.Day,1993-12-10,2542
account.account_id,10093,1122
date.Day,1993-12-15,2515
date.Day,1993-12-16,2404
date.Day,1993-12-13,2405
date.Day,1993-12-14,2499
date.Day,1993-12-19,2530
date.Day,1993-12-17,2424
date.Day,1993-12-18,2453
account.account_id,2554,1058
account.account_id,1222,1136
account.account_id,3885,1132
account.account_id,3884,1128
account.account_id,2553,1193
account.account_id,1223,1090
account.account_id,3887,1142
account.account_id,2556,1123
account.account_id,2555,1206
account.account_id,3886,1053
account.account_id,1225,1132
account.account_id,2550,1160
account.account_id,3881,1079
account.account_id,3880,1077
account.account_id,1220,1073
account.account_id,3883,1086
account.account_id,2552,1091
account.account_id,3882,1063
account.account_id,1221,1129
account.account_id,2551,1132
account.account_id,3889,1094
account.account_id,2558,1102
account.account_id,1226,1062
account.account_id,3888,1179
account.account_id,2557,1097
account.account_id,1227,1147
account.account_id,1228,1099
account.account_id,1229,1136
account.account_id,2559,1100
date.Day,1993-12-22,2501
date.Day,1993-12-23,2511
date.Day,1993-12-20,2609
date.Day,1993-12-21,2516
date.Day,1993-12-26,2550
date.Day,1993-12-27,2395
account.account_id,3890,1153
date.Day,1993-12-24,2426
date.Day,1993-12-25,2433
date.Day,1993-12-28,2448
account.account_id,10079,1158
account.account_id,3896,1091
account.account_id,2565,1142
account.account_id,1233,1114
account.account_id,1234,1111
account.account_id,2564,1145
account.account_id,3895,1056
account.account_id,3898,1160
account.account_id,1235,1132
account.account_id,2567,1095
account.account_id,3897,1125
account.account_id,2566,1086
account.account_id,1236,1152
account.account_id,2561,1146
account.account_id,3892,1176
account.account_id,1230,1081
account.account_id,3891,1115
account.account_id,2560,1089
account.account_id,2563,1067
account.account_id,1231,1092
account.account_id,3894,1106
account.account_id,3893,1126
account.account_id,2562,1132
account.account_id,1232,1092
account.account_id,1237,1091
account.account_id,2569,1086
account.account_id,1238,1119
account.account_id,2568,1104
account.account_id,3899,1097
account.account_id,1239,1083
account.account_id,3819,1201
account.account_id,6097,1095
account.account_id,3821,1083
account.account_id,3820,1098
account.account_id,3827,1141
account.account_id,3826,1090
account.account_id,3828,1109
account.account_id,3823,1075
account.account_id,3822,1131
account.account_id,3825,1154
account.account_id,3824,1122
account.account_id,3830,1063
account.account_id,2501,1145
account.account_id,3832,1105
account.account_id,2500,1136
account.account_id,3838,1109
account.account_id,2507,1095
account.account_id,2506,1100
account.account_id,3837,1108
account.account_id,2509,1126
account.account_id,2508,1152
account.account_id,3839,1166
account.account_id,3834,1089
account.account_id,2503,1135
account.account_id,3833,1122
account.account_id,2502,1083
account.account_id,3836,1098
account.account_id,2505,1106
account.account_id,3835,1130
account.account_id,2504,1067
account.district_name,Jablonec n. Nisou,47842
account.account_id,3841,1086
account.account_id,2510,1074
date.SK_Day,19930827,2411
account.account_id,3840,1103
date.SK_Day,19930826,2459
account.account_id,3843,1129
date.SK_Day,19930825,2480
account.account_id,3842,1092
account.account_id,2511,1148
date.SK_Day,19930824,2438
date.SK_Day,19930828,2494
account.account_id,3849,1044
account.account_id,3848,1096
account.account_id,2517,1122
account.account_id,2519,1051
account.account_id,3845,1131
account.account_id,2514,1042
date.SK_Day,19930823,2531
account.account_id,3844,1124
account.account_id,2513,1156
date.SK_Day,19930822,2493
account.account_id,3847,1142
account.account_id,2516,1042
date.SK_Day,19930821,2471
account.account_id,3846,1127
account.account_id,2515,1111
date.SK_Day,19930820,2491
account.account_id,2521,1110
account.account_id,3852,1159
account.account_id,3851,1138
account.account_id,2520,1102
account.account_id,2523,1125
account.account_id,3854,1110
account.account_id,2522,1075
account.account_id,3850,1087
account.account_id,3859,1109
account.account_id,2528,1058
account.account_id,2525,1116
account.account_id,3856,1129
account.account_id,3855,1061
account.account_id,2524,1114
account.account_id,2527,1108
account.account_id,3858,1124
account.account_id,2526,1198
account.account_id,3857,1128
date.SK_Day,19940208,2404
date.SK_Day,19940207,2498
date.SK_Day,19940209,2580
account.district_name,Plzen - jih,43258
date.SK_Day,19940202,2429
date.SK_Day,19940201,2456
date.SK_Day,19940204,2476
date.SK_Day,19940203,2512
date.SK_Day,19940206,2583
date.SK_Day,19940205,2438
account.account_id,3904,1148
account.account_id,3903,1078
account.account_id,3906,1128
account.account_id,3905,1034
account.account_id,3902,1167
account.account_id,3901,1041
account.region,south Bohemia,411904
date.SK_Day,19940219,2564
date.SK_Day,19940218,2475
account.account_id,3908,1098
account.account_id,3907,1107
account.account_id,3909,1113
account.district_name,Plzen - mesto,49710
date.SK_Day,19940211,2494
date.SK_Day,19940210,2468
date.SK_Day,19940213,2543
date.SK_Day,19940212,2414
date.SK_Day,19940215,2507
date.SK_Day,19940214,2477
date.SK_Day,19940217,2428
date.SK_Day,19940216,2518
account.account_id,3915,1083
account.district_name,Usti nad Labem,50068
account.account_id,3914,1133
account.account_id,3917,1086
account.account_id,3916,1153
account.account_id,3911,1088
account.account_id,3910,1103
account.account_id,3913,1113
account.account_id,3912,1028
account.account_id,3919,1094
account.account_id,3918,1196
account.account_id,3920,1170
account.account_id,3926,1078
account.account_id,3925,1095
account.account_id,3928,1040
account.account_id,3927,1113
account.account_id,3922,1122
account.account_id,3921,1112
account.account_id,3924,1176
account.account_id,3923,1151
account.account_id,498,1173
account.account_id,496,1083
account.account_id,497,1141
account.account_id,494,1113
account.account_id,492,1176
account.account_id,493,1051
account.account_id,2600,1138
account.account_id,3931,1078
account.account_id,3930,1107
account.account_id,3937,1037
account.account_id,2606,1093
account.account_id,2605,1080
account.account_id,3936,1114
account.account_id,3939,1072
account.account_id,2608,1057
account.account_id,2607,1146
account.account_id,3938,1101
account.account_id,2602,1102
account.account_id,3933,1204
account.account_id,3932,1136
account.account_id,2601,1124
account.account_id,2604,1116
account.account_id,3935,1107
account.account_id,3934,1113
account.account_id,2603,1134
account.account_id,7465,1093
account.account_id,6138,1102
account.account_id,6148,1117
account.account_id,7487,1109
date.SK_Day,19940222,2530
date.SK_Day,19940221,2514
account.account_id,7485,1088
date.SK_Day,19940224,2495
date.SK_Day,19940223,2459
date.SK_Day,19940226,2486
date.SK_Day,19940225,2461
date.SK_Day,19940228,2440
date.SK_Day,19940227,2480
account.account_id,6158,1109
date.SK_Day,19940220,2526
account.account_id,6157,1199
account.account_id,449,1052
account.account_id,447,1046
account.account_id,445,1166
account.account_id,446,1125
account.account_id,443,1077
account.account_id,444,1020
account.account_id,441,1109
account.account_id,442,1086
account.account_id,440,1162
account.account_id,7424,1102
account.account_id,8759,1012
account.account_id,438,1098
account.account_id,439,1140
account.account_id,436,1103
account.account_id,437,1186
account.account_id,434,1134
account.account_id,435,1147
account.account_id,432,1111
account.account_id,433,1186
account.account_id,430,1118
account.account_id,431,1134
account.account_id,7437,1106
account.district_name,Znojmo,43362
account.account_id,429,1101
account.account_id,427,1139
account.account_id,428,1146
account.account_id,425,1147
account.account_id,426,1085
account.account_id,8772,1107
account.account_id,423,1137
account.account_id,424,1161
account.account_id,421,1070
account.account_id,422,1092
account.account_id,420,1122
account.account_id,7449,1083
account.account_id,6118,1042
account.account_id,7445,1086
account.account_id,8776,1098
account.account_id,418,1143
account.account_id,419,1081
account.account_id,416,1157
account.account_id,417,1050
account.account_id,414,1140
account.account_id,415,1124
account.account_id,412,1157
account.account_id,8784,1073
account.account_id,413,1129
account.account_id,7454,1116
account.account_id,410,1117
account.account_id,411,1070
account.account_id,489,1034
account.account_id,487,1098
account.account_id,488,1106
account.account_id,485,1068
account.account_id,486,1118
account.account_id,483,1132
account.account_id,484,1087
account.account_id,481,1109
account.account_id,490,1133
account.account_id,491,1174
account.account_id,8713,1080
account.account_id,478,1127
account.account_id,479,1171
account.account_id,476,1094
account.account_id,477,1177
account.account_id,474,1091
account.account_id,475,1164
account.account_id,472,1213
account.account_id,473,1097
account.account_id,470,1132
account.account_id,471,1112
account.account_id,480,1099
date.Day,1997-06-19,2484
date.Day,1997-06-18,2481
account.account_id,469,1124
date.Day,1997-06-17,2540
date.Day,1997-06-16,2524
account.account_id,467,1126
date.Day,1997-06-15,2530
account.account_id,468,1143
date.Day,1997-06-14,2437
account.account_id,465,1145
date.Day,1997-06-13,2405
account.account_id,466,1126
date.Day,1997-06-12,2478
account.account_id,463,1053
date.Day,1997-06-11,2536
account.account_id,464,1084
date.Day,1997-06-10,2521
account.account_id,461,1163
account.account_id,462,1153
account.account_id,460,1124
account.account_id,7401,1136
account.account_id,458,1113
date.Day,1997-06-28,2417
account.account_id,459,1122
date.Day,1997-06-27,2468
account.account_id,456,1074
date.Day,1997-06-26,2404
date.Day,1997-06-25,2420
account.account_id,454,1106
date.Day,1997-06-24,2371
account.account_id,455,1066
date.Day,1997-06-23,2417
account.account_id,452,1111
date.Day,1997-06-22,2536
account.account_id,453,1070
date.Day,1997-06-21,2486
account.account_id,450,1105
date.Day,1997-06-20,2486
account.account_id,451,1127
account.account_id,7418,1125
account.account_id,8742,1115
date.Day,1998-11-01,2504
date.Day,1998-11-03,2449
date.Day,1998-11-02,2472
date.Day,1998-11-05,2427
date.Day,1998-11-04,2478
date.Day,1998-11-07,2451
date.Day,1998-11-06,2460
date.Day,1998-11-09,2492
date.Day,1998-11-08,2539
date.SK_Day,19960721,2413
date.SK_Day,19960720,2497
date.SK_Day,19960727,2418
date.SK_Day,19960726,2551
date.Day,1998-11-10,2545
date.SK_Day,19960728,2512
date.SK_Day,19960723,2404
date.Day,1998-11-12,2485
date.SK_Day,19960722,2540
date.Day,1998-11-11,2422
date.SK_Day,19960725,2590
date.Day,1998-11-14,2521
date.SK_Day,19960724,2415
date.Day,1998-11-13,2455
date.Day,1998-11-16,2495
date.Day,1998-11-15,2469
date.Day,1998-11-18,2486
date.Day,1998-11-17,2458
date.SK_Day,19960719,2495
date.Day,1998-11-19,2475
date.SK_Day,19960710,2479
date.SK_Day,19960716,2557
date.SK_Day,19960715,2472
date.SK_Day,19960718,2491
date.SK_Day,19960717,2420
date.SK_Day,19960712,2534
date.SK_Day,19960711,2545
date.SK_Day,19960714,2530
date.SK_Day,19960713,2409
date.SK_Day,19960709,2457
date.SK_Day,19960708,2473
date.SK_Day,19960705,2488
date.SK_Day,19960704,2417
date.SK_Day,19960707,2382
date.SK_Day,19960706,2432
date.SK_Day,19960701,2491
date.SK_Day,19960703,2470
date.SK_Day,19960702,2414
account.account_id,528,1115
account.account_id,529,1075
account.account_id,526,1074
account.account_id,524,1069
account.account_id,525,1145
account.account_id,522,1128
account.account_id,523,1077
account.account_id,520,1151
account.account_id,521,1109
account.account_id,2691,1080
account.account_id,2690,1121
account.account_id,1360,1144
account.account_id,2697,1114
account.account_id,1365,1131
account.account_id,1366,1066
account.account_id,2696,1126
account.account_id,1367,1128
account.account_id,2699,1171
account.account_id,1368,1136
account.account_id,2698,1084
account.account_id,11231,1118
account.account_id,1361,1084
account.account_id,2693,1141
account.account_id,1362,1086
account.account_id,2692,1067
account.account_id,1363,1134
account.account_id,2695,1138
account.account_id,2694,1134
account.account_id,1369,1171
account.account_id,517,1103
account.account_id,518,1149
account.account_id,515,1095
account.account_id,516,1130
account.account_id,513,1087
account.account_id,514,1165
account.account_id,511,1112
account.account_id,512,1160
account.account_id,510,1087
account.account_id,1370,1115
account.account_id,1371,1068
account.account_id,1376,1071
account.account_id,1377,1053
account.account_id,1378,1106
account.account_id,1379,1089
account.account_id,1372,1034
account.account_id,1373,1113
account.account_id,1374,1118
account.account_id,1375,1126
account.account_id,519,1154
account.account_id,506,1117
account.account_id,507,1174
account.account_id,504,1118
account.account_id,505,1105
account.account_id,502,1082
account.account_id,503,1081
account.account_id,500,1102
account.account_id,501,1024
account.account_id,1380,1145
account.account_id,1381,1070
account.account_id,1382,1061
account.account_id,1387,1139
account.account_id,1388,1068
account.account_id,1389,1054
account.account_id,1383,1063
account.account_id,1384,1117
account.account_id,1385,1058
account.account_id,508,1133
account.account_id,509,1027
account.account_id,1390,1157
account.account_id,1391,1097
account.account_id,1392,1057
account.account_id,1393,1142
account.account_id,1398,1115
account.account_id,1399,1147
account.account_id,11244,1099
account.account_id,1394,1101
account.account_id,1395,1154
account.account_id,1396,1090
account.account_id,1397,1101
account.account_id,2653,1052
account.account_id,1321,1087
account.account_id,3984,1113
date.SK_Day,19930926,2537
account.account_id,3983,1073
account.account_id,1322,1115
account.account_id,2652,1136
date.SK_Day,19930925,2408
account.account_id,3986,1130
account.account_id,1323,1090
account.account_id,2655,1132
date.SK_Day,19930924,2446
account.account_id,2654,1093
account.account_id,3985,1082
account.account_id,1324,1140
date.SK_Day,19930923,2454
account.account_id,3980,1093
account.account_id,3982,1075
account.account_id,2651,1082
date.SK_Day,19930928,2469
account.account_id,2650,1150
account.account_id,3981,1101
account.account_id,1320,1117
date.SK_Day,19930927,2419
account.account_id,1329,1153
account.account_id,3988,1048
account.account_id,2657,1118
account.account_id,1325,1080
date.SK_Day,19930922,2502
account.account_id,2656,1139
account.account_id,1326,1118
account.account_id,3987,1105
date.SK_Day,19930921,2522
account.account_id,1327,1124
account.account_id,2659,1095
date.SK_Day,19930920,2390
account.account_id,2658,1090
account.account_id,1328,1089
account.account_id,3989,1128
date.Day,1994-11-22,2474
date.Day,1994-11-23,2551
date.Day,1994-11-24,2571
date.Day,1994-11-25,2430
date.Day,1994-11-26,2442
date.Day,1994-11-27,2394
date.Day,1994-11-28,2430
account.account_id,11271,1099
date.Day,1994-11-20,2473
date.Day,1994-11-21,2545
account.account_id,1332,1113
account.account_id,3995,1125
account.account_id,2664,1117
account.account_id,2663,1142
account.account_id,1333,1107
account.account_id,3994,1146
account.account_id,2666,1110
account.account_id,1334,1174
account.account_id,3997,1076
account.account_id,11265,1192
account.account_id,2665,1144
account.account_id,1335,1152
account.account_id,3996,1047
account.account_id,3991,1053
account.account_id,2660,1160
account.account_id,3990,1069
account.account_id,1330,1132
account.account_id,3993,1091
account.account_id,2662,1087
account.account_id,3992,1160
account.account_id,2661,1136
account.account_id,1331,1096
account.account_id,3999,1076
account.account_id,1336,1136
account.account_id,2668,1148
account.account_id,2667,1103
account.account_id,1337,1100
account.account_id,3998,1098
account.account_id,1338,1062
account.account_id,1339,1103
account.account_id,2675,1100
date.SK_Day,19930904,2520
account.account_id,2674,1110
account.account_id,1344,1128
date.SK_Day,19930903,2472
account.account_id,1345,1156
account.account_id,2677,1102
date.SK_Day,19930902,2405
account.account_id,1346,1069
account.account_id,2676,1103
date.SK_Day,19930901,2482
account.account_id,2671,1121
date.SK_Day,19930908,2458
account.account_id,1340,1098
account.account_id,2670,1124
date.SK_Day,19930907,2535
account.account_id,11295,1068
account.account_id,2673,1090
account.account_id,1341,1146
date.SK_Day,19930906,2471
account.account_id,1342,1157
account.account_id,2672,1100
date.SK_Day,19930905,2417
account.account_id,2679,1060
account.account_id,1347,1115
account.account_id,2678,1111
account.account_id,1348,1121
account.account_id,1349,1166
account.account_id,2680,1103
date.SK_Day,19930909,2425
account.account_id,2686,1102
account.account_id,1354,1154
date.SK_Day,19930915,2447
account.account_id,2685,1148
account.account_id,1355,1111
date.SK_Day,19930914,2487
account.account_id,2688,1116
account.account_id,1356,1095
date.SK_Day,19930913,2463
account.account_id,2687,1110
account.account_id,1357,1113
date.SK_Day,19930912,2492
account.account_id,1350,1140
date.SK_Day,19930919,2473
account.account_id,2681,1078
account.account_id,1351,1158
date.SK_Day,19930918,2475
account.account_id,1352,1111
account.account_id,2684,1108
date.SK_Day,19930917,2458
account.account_id,1353,1082
date.SK_Day,19930916,2449
account.account_id,1358,1115
date.SK_Day,19930911,2511
account.account_id,2689,1096
account.account_id,1359,1081
date.SK_Day,19930910,2502
account.account_id,2609,1069
account.account_id,3940,1083
account.account_id,3942,1086
account.account_id,2611,1057
account.account_id,2610,1127
account.account_id,3941,1064
date.SK_Day,19970104,2464
date.SK_Day,19970103,2500
date.SK_Day,19970102,2423
date.SK_Day,19970101,2453
account.account_id,2617,1099
account.account_id,3948,1108
date.SK_Day,19970108,2447
account.account_id,2616,1157
account.account_id,3947,1187
date.SK_Day,19970107,2508
account.account_id,2619,1133
date.SK_Day,19970106,2496
account.account_id,3949,1071
account.account_id,2618,1041
date.SK_Day,19970105,2440
account.account_id,3944,1071
account.account_id,2613,1067
account.account_id,2612,1082
account.account_id,3943,1085
account.account_id,3946,1108
account.account_id,2615,1125
account.account_id,3945,1095
account.account_id,2614,1094
date.SK_Day,19970109,2564
account.account_id,3951,1087
account.account_id,2620,1101
date.SK_Day,19970111,2404
account.account_id,3950,1029
date.SK_Day,19970110,2435
account.account_id,2622,1092
account.account_id,3953,1097
account.account_id,2621,1056
account.account_id,3952,1111
date.SK_Day,19970115,2464
date.SK_Day,19970114,2543
date.SK_Day,19970113,2532
date.SK_Day,19970112,2378
account.account_id,3959,1067
account.account_id,2628,1097
date.SK_Day,19970119,2481
account.account_id,2627,1079
account.account_id,3958,1100
date.SK_Day,19970118,2527
date.SK_Day,19970117,2509
account.account_id,2629,1176
date.SK_Day,19970116,2497
account.account_id,2624,1147
account.account_id,3955,1134
account.account_id,2623,1148
account.account_id,3954,1195
account.account_id,3957,1128
account.account_id,3956,1105
account.account_id,2625,1132
date.Day,1998-11-21,2430
date.Day,1998-11-20,2417
date.Day,1998-11-23,2455
date.Day,1998-11-22,2488
date.Day,1998-11-25,2485
date.Day,1998-11-24,2391
account.account_id,3962,1104
account.account_id,2631,1014
date.SK_Day,19970122,2585
date.Day,1998-11-27,2485
account.account_id,3961,1094
account.account_id,2630,1089
date.SK_Day,19970121,2404
date.Day,1998-11-26,2450
account.account_id,3964,1145
account.account_id,1301,1125
account.account_id,2633,1037
date.SK_Day,19970120,2477
account.account_id,2632,1139
account.account_id,3963,1080
account.account_id,1302,1095
date.Day,1998-11-28,2542
date.SK_Day,19970126,2476
date.SK_Day,19970125,2471
account.account_id,3960,1106
date.SK_Day,19970124,2497
date.SK_Day,19970123,2516
account.account_id,2639,1084
account.account_id,1307,1118
account.district_name,Most,45653
account.account_id,1308,1116
account.account_id,2638,1174
account.account_id,3969,1118
account.account_id,1309,1115
date.SK_Day,19970128,2468
date.SK_Day,19970127,2462
account.account_id,1303,1048
account.account_id,2635,1037
account.account_id,3966,1059
account.account_id,2634,1095
account.account_id,1304,1080
account.account_id,3965,1132
account.account_id,3968,1097
account.account_id,1305,1140
account.account_id,2637,1086
account.account_id,2636,1077
account.account_id,3967,1156
account.account_id,1306,1137
account.account_id,1310,1187
account.account_id,2642,1103
account.account_id,3973,1146
account.account_id,3972,1108
account.account_id,1311,1063
account.account_id,2641,1153
account.account_id,3975,1124
account.account_id,2644,1136
account.account_id,1312,1163
account.account_id,3974,1038
account.account_id,1313,1057
account.account_id,3971,1102
account.account_id,2640,1109
account.account_id,3970,1148
account.account_id,1318,1123
account.account_id,2649,1054
account.account_id,1319,1171
account.account_id,1314,1084
account.account_id,2646,1091
account.account_id,3977,1094
account.account_id,1315,1111
account.account_id,3976,1100
account.account_id,2645,1170
account.account_id,3979,1032
account.account_id,2648,1118
account.account_id,1316,1079
account.account_id,1317,1101
account.account_id,3978,1163
account.account_id,2647,1111
date.SK_Day,19940328,2535
account.account_id,8475,1097
account.account_id,168,1116
date.SK_Day,19940321,2471
account.account_id,169,1090
date.SK_Day,19940320,2389
account.account_id,166,1071
date.SK_Day,19940323,2454
account.account_id,167,1126
date.SK_Day,19940322,2432
account.account_id,164,1094
date.SK_Day,19940325,2413
account.account_id,165,1136
date.SK_Day,19940324,2436
account.account_id,162,1164
date.SK_Day,19940327,2435
account.account_id,163,1146
date.SK_Day,19940326,2391
account.account_id,171,1102
account.account_id,172,1064
account.account_id,170,1128
account.account_id,159,1097
account.account_id,157,1083
date.Day,1997-12-09,2479
account.account_id,7156,1135
account.account_id,158,1097
date.Day,1997-12-08,2435
account.account_id,155,1112
date.Day,1997-12-07,2533
account.account_id,156,1074
date.Day,1997-12-06,2402
account.account_id,153,1097
account.account_id,154,1088
account.account_id,151,1111
account.account_id,152,1056
account.account_id,160,1157
date.Day,1997-12-01,2479
account.account_id,161,1124
account.district_name,Jindrichuv Hradec,57874
date.Day,1997-12-05,2459
date.Day,1997-12-04,2602
date.Day,1997-12-03,2560
date.Day,1997-12-02,2540
account.account_id,8489,1123
account.account_id,8492,1128
date.SK_Day,19940307,2484
date.SK_Day,19940306,2421
date.SK_Day,19940309,2377
date.SK_Day,19940308,2507
account.account_id,148,1174
account.account_id,149,1114
account.account_id,146,1136
account.account_id,144,1114
date.SK_Day,19940301,2502
account.account_id,145,1110
account.account_id,142,1128
date.SK_Day,19940303,2474
account.account_id,143,1123
date.SK_Day,19940302,2467
account.account_id,140,1098
date.SK_Day,19940305,2412
account.account_id,141,1087
date.SK_Day,19940304,2512
account.account_id,150,1089
date.SK_Day,19940318,2469
date.Day,1996-05-25,2447
date.SK_Day,19940317,2559
date.Day,1996-05-26,2460
date.Day,1996-05-27,2482
date.SK_Day,19940319,2578
date.Day,1996-05-28,2477
account.account_id,139,1058
account.account_id,137,1116
account.account_id,138,1113
account.account_id,135,1133
date.SK_Day,19940310,2455
account.account_id,136,1088
account.account_id,133,1090
date.SK_Day,19940312,2529
account.account_id,7176,1096
account.account_id,134,999
date.SK_Day,19940311,2422
date.Day,1996-05-20,2447
account.account_id,131,1104
date.SK_Day,19940314,2449
date.Day,1996-05-21,2461
account.account_id,132,1001
date.SK_Day,19940313,2348
date.Day,1996-05-22,2497
date.SK_Day,19940316,2491
date.Day,1996-05-23,2513
account.account_id,130,1073
date.SK_Day,19940315,2462
date.Day,1996-05-24,2503
account.account_id,4907,1110
date.Day,1996-05-14,2501
date.Day,1996-05-15,2520
date.Day,1996-05-16,2531
date.Day,1996-05-17,2533
date.Day,1996-05-18,2593
date.SK_Day,19951020,2454
date.Day,1996-05-19,2419
date.SK_Day,19951021,2462
date.SK_Day,19951022,2587
account.account_id,7101,1079
date.Day,1996-05-10,2558
date.Day,1996-05-11,2484
date.Day,1996-05-12,2552
date.Day,1996-05-13,2534
date.SK_Day,19951023,2470
date.SK_Day,19951024,2539
date.SK_Day,19951025,2471
date.SK_Day,19951026,2375
date.SK_Day,19951027,2491
date.SK_Day,19951028,2477
date.Day,1996-05-03,2547
date.Day,1996-05-04,2451
date.Day,1996-05-05,2487
date.Day,1996-05-06,2485
date.Day,1996-05-07,2542
date.Day,1996-05-08,2496
date.SK_Day,19951010,2416
date.Day,1996-05-09,2509
date.SK_Day,19951011,2502
account.account_id,199,1113
account.account_id,197,1124
account.account_id,198,1173
account.account_id,195,1083
date.Day,1996-05-01,2405
account.account_id,196,1134
date.Day,1996-05-02,2514
date.SK_Day,19951012,2504
date.SK_Day,19951013,2388
date.SK_Day,19951014,2454
date.SK_Day,19951015,2416
date.SK_Day,19951016,2432
date.SK_Day,19951017,2454
date.SK_Day,19951018,2503
date.SK_Day,19951019,2410
account.account_id,7123,1112
account.account_id,188,1091
account.account_id,189,1116
account.account_id,186,1069
account.account_id,187,1133
account.account_id,184,1161
account.account_id,185,1144
account.account_id,193,1109
date.SK_Day,19951009,2372
account.account_id,194,1080
account.account_id,191,1102
account.account_id,192,1116
account.account_id,190,1127
date.SK_Day,19951001,2501
date.SK_Day,19951002,2443
date.SK_Day,19951003,2520
date.SK_Day,19951004,2537
date.SK_Day,19951005,2448
date.SK_Day,19951006,2384
date.SK_Day,19951007,2505
date.SK_Day,19951008,2437
account.account_id,9790,1127
account.account_id,179,1068
account.account_id,7133,1134
account.account_id,177,1062
account.account_id,178,1135
account.account_id,176,1090
account.account_id,173,1127
account.account_id,174,1125
account.account_id,182,1107
account.account_id,183,1130
account.account_id,180,1160
account.account_id,181,1153
account.account_id,7136,1096
account.account_id,9730,1131
account.account_id,9731,1064
account.account_id,8405,1068
account.account_id,8411,1063
account.account_id,9750,1142
account.account_id,128,1149
account.account_id,129,1123
account.account_id,126,1114
account.account_id,127,1088
account.account_id,2293,1081
account.account_id,124,1085
date.SK_Day,19960815,2447
account.account_id,2292,1177
account.account_id,125,1129
date.SK_Day,19960814,2461
account.account_id,2295,1145
account.account_id,122,1150
date.SK_Day,19960817,2505
account.account_id,2294,1112
account.account_id,123,1101
date.SK_Day,19960816,2467
account.account_id,120,1026
date.SK_Day,19960811,2501
account.account_id,121,1176
date.SK_Day,19960810,2388
account.account_id,2291,1111
date.SK_Day,19960813,2430
account.account_id,2290,1095
date.SK_Day,19960812,2475
date.Day,1998-06-01,2551
account.account_id,2297,1158
date.SK_Day,19960808,2421
account.account_id,2296,1107
date.SK_Day,19960807,2440
account.account_id,2299,1129
account.account_id,2298,1103
date.SK_Day,19960809,2467
date.Day,1998-06-07,2466
date.Day,1998-06-06,2527
date.Day,1998-06-09,2503
date.Day,1998-06-08,2516
date.Day,1998-06-03,2516
date.Day,1998-06-02,2459
date.Day,1998-06-05,2510
date.Day,1998-06-04,2479
account.account_id,119,1071
account.account_id,117,1119
account.account_id,118,1170
account.account_id,115,1199
account.account_id,116,1127
account.account_id,113,1134
date.SK_Day,19960804,2394
account.account_id,114,1102
date.SK_Day,19960803,2550
date.SK_Day,19960806,2488
account.account_id,112,1113
date.SK_Day,19960805,2500
account.account_id,110,1088
date.SK_Day,19960802,2493
date.SK_Day,19960801,2516
account.account_id,108,1159
account.account_id,109,1069
account.account_id,106,1114
account.account_id,107,1087
account.account_id,104,1136
account.account_id,105,1068
account.account_id,102,1112
account.account_id,103,1099
account.account_id,100,1121
account.account_id,101,1109
account.account_id,9707,1127
date.Day,1998-06-21,2396
date.Day,1998-06-20,2517
date.Day,1998-06-23,2484
date.Day,1998-06-22,2516
date.Day,1998-06-28,2449
account.account_id,9703,1091
date.Day,1998-06-25,2524
date.Day,1998-06-24,2415
date.Day,1998-06-27,2513
date.Day,1998-06-26,2527
date.Day,1998-06-10,2482
date.Day,1998-06-12,2476
date.Day,1998-06-11,2443
date.Day,1998-06-18,2430
date.Day,1998-06-17,2464
date.Day,1998-06-19,2460
date.Day,1998-06-14,2400
date.Day,1998-06-13,2507
date.Day,1998-06-16,2488
date.Day,1998-06-15,2407
date.Day,1993-10-10,2442
account.account_id,2370,1106
date.Day,1993-09-23,2497
date.Day,1993-10-12,2406
date.Day,1993-09-22,2452
date.Day,1993-10-11,2425
account.account_id,1040,1161
account.account_id,2372,1067
date.Day,1993-09-21,2570
date.Day,1993-10-14,2516
account.account_id,2371,1140
date.Day,1993-10-13,2496
date.Day,1993-09-20,2503
date.Day,1993-10-16,2453
date.Day,1993-10-15,2495
date.Day,1993-10-18,2459
date.Day,1993-10-17,2515
account.account_id,1046,1101
account.account_id,2378,1135
account.account_id,2377,1133
account.account_id,1047,1133
date.Day,1993-09-19,2492
date.Day,1993-10-19,2544
account.account_id,1048,1107
date.Day,1993-09-18,2421
account.account_id,2379,1159
account.account_id,1049,1127
date.Day,1993-09-17,2490
account.account_id,2374,1041
account.account_id,1042,1087
date.Day,1993-09-16,2640
account.account_id,1043,1092
account.account_id,2373,1112
date.Day,1993-09-15,2485
account.account_id,1044,1089
account.account_id,2376,1095
date.Day,1993-09-14,2487
account.account_id,1045,1086
account.account_id,2375,1121
date.Day,1993-09-13,2556
date.Day,1993-10-21,2420
date.Day,1993-10-20,2544
account.account_id,2381,1140
date.Day,1993-10-23,2498
date.Day,1993-09-12,2544
account.account_id,1050,1080
account.account_id,2380,1098
date.Day,1993-09-11,2531
date.Day,1993-10-22,2476
account.account_id,1051,1111
account.account_id,2383,1131
date.Day,1993-09-10,2469
date.Day,1993-10-25,2464
account.account_id,1052,1198
account.account_id,2382,1089
date.Day,1993-10-24,2468
date.Day,1993-10-27,2358
date.Day,1993-10-26,2546
date.Day,1993-10-28,2466
account.account_id,1057,1071
account.account_id,2389,1165
date.Day,1993-09-09,2593
account.account_id,1058,1101
account.account_id,2388,1091
date.Day,1993-09-08,2399
account.account_id,1059,1144
date.Day,1993-09-07,2413
date.Day,1993-09-06,2485
account.account_id,2385,1075
account.account_id,1053,1152
date.Day,1993-09-05,2462
account.account_id,1054,1105
account.account_id,2384,1136
date.Day,1993-09-04,2482
account.account_id,1055,1117
account.account_id,2387,1125
date.Day,1993-09-03,2384
account.account_id,1056,1150
account.account_id,2386,1094
date.Day,1993-09-02,2503
account.account_id,1060,1052
account.account_id,2392,1088
account.account_id,1061,1027
account.account_id,2391,1078
account.account_id,1062,1091
account.account_id,2394,1061
account.account_id,1063,1092
account.account_id,2393,1042
account.account_id,2390,1179
account.account_id,1068,1103
account.account_id,2399,1137
account.account_id,1069,1125
account.account_id,2396,1123
account.account_id,1064,1089
date.SK_Day,19970203,2480
account.account_id,2395,1119
account.account_id,1065,1066
date.SK_Day,19970202,2508
account.account_id,1066,1087
account.account_id,2398,1044
date.SK_Day,19970201,2355
account.account_id,2397,1081
account.account_id,1067,1138
date.SK_Day,19970207,2462
date.SK_Day,19970206,2490
date.SK_Day,19970205,2469
date.SK_Day,19970204,2517
date.SK_Day,19970209,2482
date.SK_Day,19970208,2457
date.SK_Day,19960820,2469
account.account_id,1071,1122
date.SK_Day,19960826,2470
date.Day,1993-10-01,2426
account.account_id,1072,1152
date.SK_Day,19960825,2420
account.account_id,1073,1081
date.SK_Day,19960828,2496
date.Day,1993-10-03,2463
account.account_id,1074,1147
date.SK_Day,19960827,2506
date.Day,1993-10-02,2545
date.SK_Day,19960822,2454
date.Day,1993-10-05,2538
date.SK_Day,19960821,2564
date.Day,1993-10-04,2508
date.SK_Day,19960824,2460
date.Day,1993-10-07,2487
account.account_id,1070,1148
date.SK_Day,19960823,2514
date.Day,1993-10-06,2570
account.account_id,1079,1161
date.SK_Day,19970210,2477
date.Day,1993-10-09,2399
date.Day,1994-04-07,2601
date.Day,1994-04-06,2484
date.Day,1993-10-08,2389
date.Day,1994-04-05,2507
date.Day,1993-09-28,2457
date.Day,1994-04-04,2560
account.account_id,1075,1103
date.SK_Day,19960819,2448
date.SK_Day,19970214,2462
date.Day,1993-09-27,2516
account.account_id,1076,1115
date.SK_Day,19970213,2405
date.SK_Day,19960818,2443
date.Day,1993-09-26,2529
account.account_id,1077,1144
date.SK_Day,19970212,2483
date.Day,1993-09-25,2524
date.Day,1994-04-09,2485
account.account_id,1078,1108
date.SK_Day,19970211,2448
date.Day,1993-09-24,2518
date.Day,1994-04-08,2456
date.SK_Day,19970218,2444
date.SK_Day,19970217,2474
date.SK_Day,19970216,2548
date.SK_Day,19970215,2470
date.Day,1994-04-03,2526
date.Day,1994-04-02,2481
date.Day,1994-04-01,2474
date.SK_Day,19970219,2490
account.account_id,3665,1149
account.account_id,2334,1143
account.account_id,1002,1118
date.Day,1994-04-18,2531
account.account_id,2333,1120
account.account_id,3664,1176
account.account_id,1003,1141
date.Day,1994-04-17,2415
account.account_id,4995,1113
account.account_id,2336,1092
account.account_id,1004,1117
account.account_id,3667,1135
date.Day,1994-04-16,2407
account.account_id,11111,1152
account.account_id,2335,1037
account.account_id,1005,1142
date.Day,1994-04-15,2523
account.account_id,3661,1094
account.account_id,2330,1142
account.account_id,3660,1091
account.account_id,4994,1120
account.account_id,2332,1134
account.account_id,3663,1084
account.account_id,1000,1174
account.account_id,3662,1098
account.account_id,2331,1141
date.Day,1994-04-19,2474
date.Day,1994-04-10,2463
account.account_id,1006,1062
account.account_id,3669,1148
account.account_id,2338,1130
date.Day,1994-04-14,2511
account.account_id,1007,1138
account.account_id,2337,1116
account.account_id,3668,1147
date.Day,1994-04-13,2407
account.account_id,4999,1128
account.account_id,1008,1118
date.Day,1994-04-12,2454
account.account_id,2339,1051
account.account_id,1009,1127
date.Day,1994-04-11,2570
account.account_id,3670,1109
account.district_name,Kromeriz,63334
account.account_id,2345,1093
account.account_id,1013,1046
account.account_id,3676,1133
account.account_id,1014,1144
account.account_id,2344,1119
account.account_id,3675,1141
date.Day,1994-04-28,2460
account.account_id,3678,1074
account.account_id,2347,1137
account.account_id,1015,1118
date.Day,1994-04-27,2450
account.account_id,1016,1086
account.account_id,3677,1082
account.account_id,2346,1035
date.Day,1994-04-26,2466
account.account_id,3672,1086
account.account_id,2341,1150
account.account_id,2340,1123
account.account_id,1010,1091
account.account_id,3671,1132
account.account_id,1011,1092
account.account_id,3674,1175
account.account_id,2343,1132
account.account_id,3673,1083
account.account_id,1012,1083
account.account_id,2342,1092
date.Day,1994-04-21,2551
date.Day,1994-04-20,2463
account.account_id,1017,1195
account.account_id,2349,1146
date.Day,1994-04-25,2487
account.account_id,2348,1088
account.account_id,3679,1085
account.account_id,1018,1089
account.district_name,Jihlava,35548
date.Day,1994-04-24,2438
account.account_id,1019,1101
date.Day,1994-04-23,2483
date.Day,1994-04-22,2578
account.account_id,3681,1080
account.account_id,2350,1139
account.account_id,3680,1052
account.account_id,2356,1184
account.account_id,3687,1087
account.account_id,1024,1158
account.account_id,11135,1133
account.account_id,2355,1145
account.account_id,3686,1076
account.account_id,2358,1099
account.account_id,1026,1157
account.account_id,3689,1108
account.account_id,2357,1139
account.account_id,3688,1098
account.account_id,1027,1062
account.account_id,3683,1131
account.account_id,2352,1159
account.account_id,1020,1109
account.account_id,2351,1136
account.account_id,3682,1133
account.account_id,1021,1157
account.account_id,2354,1112
account.account_id,1022,1078
account.account_id,2353,1068
account.account_id,1023,1097
account.account_id,3684,1086
account.account_id,1028,1040
account.account_id,1029,1130
account.account_id,2359,1067
account.account_id,11138,1152
account.account_id,3690,1113
account.account_id,2361,1106
account.account_id,3692,1064
account.account_id,2360,1058
account.account_id,1030,1117
account.account_id,3691,1118
account.account_id,1035,1061
account.account_id,2367,1153
account.account_id,3698,1109
account.account_id,2366,1109
account.account_id,3697,1149
account.account_id,1036,1092
account.account_id,2369,1068
account.account_id,1037,1104
account.account_id,11123,1164
account.account_id,3699,1140
account.account_id,1038,1120
account.account_id,1031,1133
account.account_id,3694,1095
account.account_id,2363,1124
account.account_id,3693,1113
account.account_id,1032,1131
account.account_id,2362,1094
account.account_id,1033,1111
account.account_id,3696,1071
account.account_id,2365,1129
account.account_id,1034,1095
account.account_id,2364,1085
account.account_id,3695,1105
account.account_id,1039,1099
account.account_id,3621,1123
account.account_id,3620,1143
account.account_id,3623,1106
account.account_id,3622,1140
account.account_id,3629,1067
account.account_id,3628,1080
account.account_id,3625,1045
account.account_id,3624,1100
account.account_id,3626,1150
account.account_id,3632,1138
account.account_id,2301,1069
account.account_id,3631,1137
account.account_id,2300,1125
account.account_id,3634,1096
account.account_id,2303,1084
account.account_id,2302,1105
account.account_id,3633,1101
account.account_id,11141,1104
account.account_id,2309,1065
account.account_id,3639,1117
account.account_id,2305,1121
account.account_id,3636,1097
account.account_id,4969,1073
account.account_id,2304,1126
account.account_id,3635,1146
account.account_id,2307,1145
account.account_id,3638,1115
account.account_id,2306,1097
account.account_id,3637,1112
account.account_id,3643,1117
account.account_id,2312,1182
account.account_id,2311,1108
account.account_id,2314,1089
account.account_id,3645,1129
account.account_id,2313,1048
account.account_id,3644,1079
account.account_id,3641,1059
account.account_id,2310,1157
account.account_id,3640,1099
account.account_id,2319,1115
account.account_id,2316,1127
account.account_id,3647,1130
account.account_id,3646,1107
account.account_id,2315,1195
account.account_id,3649,1178
account.account_id,2318,1091
account.account_id,3648,1115
account.account_id,2317,1066
account.account_id,3654,1063
account.account_id,2323,1064
account.account_id,2322,1171
account.account_id,3653,1118
account.account_id,2325,1141
account.account_id,3656,1145
account.account_id,3655,1098
account.account_id,2324,1129
account.account_id,3650,1115
account.account_id,3652,1149
account.account_id,2321,1128
account.account_id,3651,1141
account.account_id,4981,1175
account.account_id,3658,1055
account.account_id,2327,1125
account.account_id,3657,1127
account.account_id,2326,1107
account.account_id,2329,1093
account.account_id,3659,1185
account.account_id,2328,1148
date.SK_Day,19940406,2510
account.account_id,7181,1084
account.account_id,9,1066
date.SK_Day,19940405,2476
account.account_id,7180,1093
date.SK_Day,19940408,2481
date.SK_Day,19940407,2470
account.account_id,6,1074
account.account_id,5,1120
date.SK_Day,19940409,2328
account.account_id,8,1139
account.account_id,7,1102
account.account_id,2,1047
account.account_id,1,1091
account.account_id,4,1058
account.account_id,3,1131
date.SK_Day,19940402,2467
date.SK_Day,19940401,2529
account.account_id,7184,1147
date.SK_Day,19940404,2515
date.SK_Day,19940403,2475
date.SK_Day,19970221,2436
date.SK_Day,19970220,2464
date.SK_Day,19970225,2529
date.SK_Day,19970224,2418
date.SK_Day,19970223,2434
date.SK_Day,19970222,2525
date.SK_Day,19970228,2538
date.SK_Day,19970227,2380
date.SK_Day,19970226,2372
date.SK_Day,19940417,2488
date.SK_Day,19940416,2466
date.SK_Day,19940419,2493
account.account_id,7190,1087
date.SK_Day,19940418,2447
date.SK_Day,19940411,2520
date.SK_Day,19940410,2446
date.SK_Day,19940413,2447
date.SK_Day,19940412,2337
date.SK_Day,19940415,2476
date.SK_Day,19940414,2495
account.account_id,11186,1159
date.Day,1997-12-19,2402
date.Day,1997-12-18,2425
date.Day,1997-12-17,2463
date.Day,1997-12-12,2498
date.Day,1997-12-11,2533
account.account_id,3601,1101
date.Day,1997-12-10,2513
account.account_id,3600,1117
date.Day,1997-12-16,2542
date.Day,1997-12-15,2536
date.Day,1997-12-14,2497
date.Day,1997-12-13,2425
account.account_id,3606,1117
account.account_id,3609,1126
account.account_id,4937,1100
account.account_id,3608,1103
account.account_id,3603,1173
account.account_id,3602,1083
account.account_id,3605,1108
account.account_id,3604,1135
date.Day,1997-12-28,2479
account.account_id,3610,1111
date.Day,1997-12-23,2625
date.Day,1997-12-22,2485
account.account_id,3612,1115
date.Day,1997-12-21,2425
date.Day,1997-12-20,2465
date.Day,1997-12-27,2458
date.Day,1997-12-26,2481
date.Day,1997-12-25,2504
date.Day,1997-12-24,2464
account.account_id,3618,1094
account.account_id,3617,1096
account.account_id,4948,1073
account.account_id,4949,1060
account.account_id,3614,1067
account.account_id,3613,1061
account.account_id,3616,1119
account.account_id,3615,1137
account.account_id,289,1021
account.account_id,287,1100
account.account_id,288,1172
account.account_id,285,1111
account.account_id,286,1171
account.account_id,7262,1136
account.account_id,283,1152
account.account_id,284,1137
account.account_id,292,1106
date.SK_Day,19951108,2476
account.account_id,293,1071
date.SK_Day,19951109,2427
account.account_id,290,1131
account.account_id,291,1136
date.SK_Day,19951101,2392
date.SK_Day,19951102,2463
date.SK_Day,19951103,2497
date.SK_Day,19951104,2528
date.SK_Day,19951105,2409
date.SK_Day,19951106,2440
date.SK_Day,19951107,2468
account.account_id,278,1084
account.account_id,279,1134
account.account_id,276,1113
account.account_id,277,1195
account.account_id,7274,1141
account.account_id,274,1098
account.account_id,275,964
account.account_id,272,1045
account.account_id,273,1058
account.account_id,281,1049
account.account_id,282,1108
account.account_id,280,1094
account.district_name,Pribram,46967
date.SK_Day,19940428,2472
date.SK_Day,19940427,2513
date.Day,1994-09-11,2536
date.Day,1994-09-10,2574
account.account_id,269,1053
account.account_id,267,1136
date.SK_Day,19940420,2504
date.Day,1994-10-06,2491
account.account_id,268,1164
date.Day,1994-10-05,2447
account.account_id,265,1198
date.SK_Day,19940422,2522
date.Day,1994-10-04,2450
account.account_id,266,1137
date.SK_Day,19940421,2409
date.Day,1994-10-03,2409
account.account_id,263,1092
date.SK_Day,19940424,2462
date.Day,1994-10-02,2470
account.account_id,264,1089
date.SK_Day,19940423,2479
date.Day,1994-10-01,2467
account.account_id,261,1134
date.SK_Day,19940426,2524
account.account_id,262,1096
date.SK_Day,19940425,2500
account.account_id,270,1149
account.account_id,271,1081
date.Day,1994-10-09,2435
date.Day,1994-09-09,2486
date.Day,1994-10-08,2504
date.Day,1994-10-07,2543
date.Day,1994-09-06,2381
date.Day,1994-09-05,2485
date.Day,1994-09-08,2441
date.Day,1994-09-07,2527
date.Day,1994-09-02,2476
date.Day,1994-09-01,2455
date.Day,1994-09-04,2474
date.Day,1994-09-03,2548
date.Day,1994-09-20,2500
date.Day,1994-09-22,2438
date.Day,1994-09-21,2471
account.account_id,258,1099
account.account_id,259,1104
account.account_id,256,1155
account.account_id,257,1096
account.account_id,255,1116
account.account_id,252,1075
account.account_id,253,1207
account.account_id,250,1104
account.account_id,251,1118
account.account_id,260,1112
date.Day,1994-09-17,2400
date.Day,1994-09-16,2479
date.Day,1994-09-19,2383
date.Day,1994-09-18,2500
date.Day,1994-09-13,2432
date.Day,1994-09-12,2438
date.Day,1994-09-15,2429
date.Day,1994-09-14,2448
date.Day,1994-10-20,2473
account.account_id,9883,1174
date.Day,1994-10-28,2528
date.Day,1994-10-27,2576
date.Day,1994-10-26,2494
date.Day,1994-10-25,2412
date.Day,1994-10-24,2426
date.Day,1994-10-23,2491
date.Day,1994-10-22,2528
date.Day,1994-10-21,2576
date.Day,1994-09-28,2434
date.Day,1994-09-27,2434
account.account_id,8558,1165
date.Day,1994-09-24,2524
date.Day,1994-09-23,2462
date.Day,1994-09-26,2541
date.Day,1994-09-25,2525
account.account_id,8564,1078
date.Day,1995-04-02,2418
date.Day,1995-04-01,2480
date.Day,1994-10-17,2453
date.Day,1995-04-04,2557
date.Day,1994-10-16,2425
date.Day,1995-04-03,2528
date.Day,1994-10-15,2587
date.Day,1995-04-06,2464
account.account_id,7231,1076
date.Day,1995-04-05,2474
date.Day,1994-10-14,2471
date.Day,1994-10-13,2420
date.Day,1995-04-08,2498
date.Day,1994-10-12,2504
date.Day,1995-04-07,2440
date.Day,1994-10-11,2457
date.Day,1995-04-09,2545
date.Day,1994-10-10,2513
date.Day,1994-10-19,2538
date.Day,1994-10-18,2579
account.account_id,9897,1114
account.account_id,8566,1130
date.Day,1995-04-11,2451
date.Day,1995-04-10,2454
date.SK_Day,19951120,2446
date.Day,1995-04-13,2443
date.SK_Day,19951121,2397
date.Day,1995-04-12,2373
date.Day,1995-04-15,2487
date.Day,1995-04-14,2382
date.Day,1995-04-17,2510
date.Day,1995-04-16,2519
date.Day,1995-04-19,2492
account.account_id,7240,1118
date.Day,1995-04-18,2453
date.SK_Day,19951122,2334
date.SK_Day,19951123,2542
date.SK_Day,19951124,2397
date.SK_Day,19951125,2429
date.SK_Day,19951126,2504
date.SK_Day,19951127,2508
date.SK_Day,19951128,2513
date.Day,1995-04-20,2412
date.Day,1995-04-22,2481
date.Day,1995-04-21,2498
date.Day,1995-04-24,2434
date.SK_Day,19951110,2494
date.Day,1995-04-23,2522
date.Day,1995-04-26,2594
date.Day,1995-04-25,2514
account.account_id,298,1094
date.Day,1995-04-28,2565
account.account_id,299,1115
date.Day,1995-04-27,2480
account.account_id,296,1126
account.account_id,297,1123
account.account_id,294,1118
account.account_id,295,1098
date.SK_Day,19951119,2448
date.SK_Day,19951111,2556
date.SK_Day,19951112,2471
date.SK_Day,19951113,2447
date.SK_Day,19951114,2512
date.SK_Day,19951115,2435
date.SK_Day,19951116,2443
date.SK_Day,19951117,2442
date.SK_Day,19951118,2521
account.account_id,209,1091
account.account_id,207,1076
account.account_id,208,1149
account.account_id,205,1047
account.account_id,206,1094
account.account_id,204,1139
account.account_id,201,1160
account.account_id,200,1128
account.account_id,8519,1071
account.district_name,Semily,41342
account.account_id,8523,1098
account.account_id,9859,1139
account.account_id,7203,1112
account.account_id,8533,1098
account.account_id,9869,1137
account.account_id,8547,1059
account.account_id,249,1068
account.account_id,248,1134
account.account_id,1082,1109
account.account_id,245,1100
account.account_id,246,1068
account.account_id,1083,1039
account.account_id,243,1055
account.account_id,244,1128
account.account_id,1085,1084
account.account_id,241,1153
account.account_id,242,1073
account.account_id,1080,1089
account.account_id,1081,1089
account.account_id,240,1125
account.account_id,1086,1065
account.account_id,1087,1125
date.SK_Day,19960928,2462
account.account_id,1088,1148
account.account_id,1089,1095
account.account_id,238,1129
account.account_id,239,1092
account.account_id,236,1079
account.account_id,237,1146
account.account_id,1093,1102
account.account_id,234,1088
date.SK_Day,19960925,2466
account.account_id,1094,1164
account.account_id,235,1067
date.SK_Day,19960924,2486
account.account_id,1095,1180
account.account_id,232,1072
date.SK_Day,19960927,2494
account.account_id,1096,1107
date.SK_Day,19960926,2497
account.account_id,230,1104
date.SK_Day,19960921,2456
account.account_id,1090,1118
account.account_id,231,1152
date.SK_Day,19960920,2427
account.account_id,1091,1076
date.SK_Day,19960923,2445
account.account_id,1092,1119
date.SK_Day,19960922,2497
account.account_id,1097,1149
date.SK_Day,19960918,2538
account.account_id,1098,1045
date.SK_Day,19960917,2455
date.SK_Day,19960919,2522
account.account_id,9814,1115
account.account_id,229,1147
account.account_id,227,1103
account.account_id,228,1087
account.account_id,225,1051
account.account_id,226,1171
account.account_id,223,1131
date.SK_Day,19960914,2524
date.Day,1993-09-01,2438
account.account_id,224,1093
date.SK_Day,19960913,2390
account.account_id,221,1121
date.SK_Day,19960916,2450
account.account_id,222,1159
date.SK_Day,19960915,2491
date.SK_Day,19960910,2420
account.account_id,220,1076
date.SK_Day,19960912,2517
date.SK_Day,19960911,2482
account.account_id,9828,1104
date.SK_Day,19960907,2550
date.SK_Day,19960906,2520
date.SK_Day,19960909,2506
date.SK_Day,19960908,2438
account.account_id,9826,1161
account.account_id,218,1106
account.account_id,219,1115
account.account_id,216,1120
account.account_id,217,1158
account.account_id,214,1097
account.account_id,215,1172
account.account_id,212,1099
date.SK_Day,19960903,2574
account.account_id,213,1065
date.SK_Day,19960902,2576
account.account_id,210,1140
date.SK_Day,19960905,2456
account.account_id,211,1168
date.SK_Day,19960904,2467
date.SK_Day,19960901,2485
account.account_id,9833,1068
account.account_id,8505,1055
date.Day,1997-05-28,2487
date.Day,1997-05-26,2471
date.Day,1997-05-27,2550
date.Day,1997-05-24,2488
date.Day,1997-05-25,2503
account.account_id,2491,1116
date.Day,1997-05-22,2503
account.account_id,2490,1140
account.account_id,1160,1110
date.Day,1997-05-23,2454
account.account_id,1161,1087
account.account_id,2493,1179
date.Day,1997-05-20,2480
account.account_id,2492,1132
date.Day,1997-05-21,2473
account.account_id,2499,1091
account.account_id,2498,1119
account.account_id,1168,1061
account.account_id,1169,1079
account.account_id,2495,1166
date.SK_Day,19970302,2452
account.account_id,1164,1068
account.account_id,2494,1105
date.SK_Day,19970301,2532
account.account_id,2497,1169
account.account_id,1165,1098
account.account_id,1166,1082
account.account_id,2496,1085
date.SK_Day,19970306,2495
date.SK_Day,19970305,2459
date.SK_Day,19970304,2526
date.SK_Day,19970303,2499
date.SK_Day,19970309,2431
date.SK_Day,19970308,2538
date.SK_Day,19970307,2477
account.account_id,1170,1118
account.account_id,1171,1102
account.account_id,1172,1099
account.account_id,1173,1083
account.account_id,1178,1162
account.account_id,1179,1072
account.account_id,1174,1044
date.SK_Day,19970313,2502
date.SK_Day,19970312,2543
account.account_id,1176,1123
date.SK_Day,19970311,2435
account.account_id,1177,1107
date.SK_Day,19970310,2545
date.SK_Day,19970317,2425
date.SK_Day,19970316,2450
date.SK_Day,19970315,2570
date.SK_Day,19970314,2479
date.SK_Day,19970319,2502
date.SK_Day,19970318,2426
date.Day,1997-05-08,2462
date.Day,1997-05-09,2527
date.Day,1997-05-06,2455
date.Day,1997-05-07,2507
date.Day,1997-05-04,2520
date.Day,1997-05-05,2556
date.Day,1997-05-02,2507
date.Day,1997-05-03,2530
account.account_id,1181,1106
account.account_id,1182,1149
date.Day,1997-05-01,2522
account.account_id,1183,1068
account.account_id,1184,1136
account.account_id,1180,1083
account.account_id,1189,1157
date.SK_Day,19970320,2428
account.account_id,1185,1075
date.SK_Day,19970324,2554
account.account_id,1186,1128
date.SK_Day,19970323,2459
account.account_id,1187,1149
date.SK_Day,19970322,2525
account.account_id,1188,1079
date.SK_Day,19970321,2482
date.SK_Day,19970328,2512
date.SK_Day,19970327,2447
date.SK_Day,19970326,2575
date.SK_Day,19970325,2427
date.Day,1997-05-19,2380
date.Day,1997-05-17,2451
date.Day,1997-05-18,2437
date.Day,1997-05-15,2502
date.Day,1997-05-16,2495
date.Day,1997-05-13,2554
date.Day,1997-05-14,2480
account.account_id,1192,1095
date.Day,1997-05-11,2406
account.account_id,1193,1071
date.Day,1997-05-12,2483
account.account_id,1194,1153
account.account_id,1195,1091
date.Day,1997-05-10,2519
account.account_id,1190,1101
account.account_id,1196,1181
account.account_id,1197,1130
account.account_id,1198,1077
account.account_id,1199,1183
account.account_id,3780,1087
account.account_id,2455,1084
account.account_id,1123,1106
account.account_id,3786,1088
account.account_id,3785,1157
account.account_id,2454,1105
account.account_id,1124,1146
account.account_id,3788,1140
account.account_id,2457,1159
account.account_id,1125,1046
account.account_id,3787,1102
account.account_id,1126,1107
account.account_id,2456,1055
account.account_id,2451,1120
account.account_id,3782,1066
account.account_id,3781,1128
account.account_id,1120,1107
account.account_id,2450,1099
account.account_id,3784,1096
account.account_id,2453,1046
account.account_id,1121,1087
account.account_id,1122,1172
account.account_id,3783,1126
account.account_id,2452,1040
account.account_id,1127,1138
account.account_id,2459,1122
account.account_id,2458,1127
account.account_id,1128,1090
account.account_id,3789,1182
account.account_id,1129,1076
account.account_id,3791,1065
account.account_id,2460,1076
account.account_id,3790,1165
account.account_id,3797,1127
account.account_id,2466,1140
account.account_id,1134,1096
account.account_id,1135,1104
account.account_id,2465,1088
account.account_id,3796,1040
account.account_id,3799,1068
account.account_id,1136,1071
account.account_id,2468,1100
account.account_id,1137,1172
account.account_id,3798,1073
account.account_id,2467,1086
account.account_id,3793,1184
account.account_id,1130,1039
account.account_id,2461,1140
account.account_id,3792,1063
account.account_id,1132,1075
account.account_id,3795,1108
account.account_id,2464,1125
account.account_id,1133,1120
account.account_id,2463,1099
account.account_id,3794,1150
account.account_id,1138,1068
account.account_id,1139,1183
account.account_id,2469,1140
account.account_id,2471,1142
account.account_id,2470,1152
account.account_id,1140,1027
account.account_id,1145,1138
account.account_id,2477,1075
account.account_id,1146,1072
account.account_id,2476,1110
account.account_id,1147,1089
account.account_id,2479,1087
account.account_id,11013,1080
account.account_id,1141,1080
account.account_id,2473,1125
account.account_id,2472,1123
account.account_id,1142,1117
account.account_id,2475,1082
account.account_id,2474,1086
account.account_id,1144,1106
account.account_id,1149,1118
account.account_id,2480,1152
account.account_id,1150,1120
account.account_id,2482,1113
account.account_id,1151,1105
account.account_id,2481,1074
account.account_id,2488,1121
account.account_id,1156,1077
account.account_id,2487,1089
account.account_id,1157,1175
account.account_id,1158,1060
account.account_id,1159,1133
account.account_id,2489,1174
account.account_id,1152,1070
account.account_id,2484,1106
account.account_id,1153,1107
account.account_id,2483,1084
account.account_id,2486,1106
account.account_id,1154,1104
account.account_id,2485,1097
account.account_id,1155,1087
account.district_name,Trebic,49752
account.account_id,2411,1138
account.account_id,3742,1100
account.account_id,2410,1137
account.account_id,3741,1135
account.account_id,2413,1094
account.account_id,3743,1066
account.account_id,2419,1101
account.account_id,2418,1140
account.account_id,3749,1088
account.account_id,3746,1077
account.account_id,2415,1068
account.account_id,2414,1094
account.account_id,3745,1122
account.account_id,2417,1130
account.account_id,3748,1123
account.account_id,3747,1113
account.account_id,2416,1127
date.Day,1998-01-28,2478
date.Day,1998-01-27,2492
date.Month,1994-12,69670
date.Month,1994-11,68877
date.Month,1994-10,69249
account.account_id,2422,1071
account.account_id,3753,1061
account.account_id,3752,1102
account.account_id,2421,1137
account.account_id,2424,1105
account.account_id,3755,1113
account.account_id,2423,1172
account.account_id,3754,1126
account.account_id,11021,1080
account.account_id,3751,1082
account.account_id,2420,1124
account.account_id,3750,1100
date.Day,1998-01-22,2402
account.account_id,2429,1177
date.Day,1998-01-21,2518
date.Day,1998-01-20,2425
account.account_id,3757,1093
date.Day,1998-01-26,2404
account.account_id,3756,1125
account.account_id,2425,1074
date.Day,1998-01-25,2438
account.account_id,3759,1047
account.account_id,2428,1079
date.Day,1998-01-24,2447
account.account_id,11027,1111
account.account_id,2427,1076
account.account_id,3758,1112
date.Day,1998-01-23,2479
account.account_id,2433,1059
account.account_id,1101,1082
account.account_id,3764,1107
account.account_id,1102,1054
account.account_id,3763,1137
account.account_id,2432,1093
account.account_id,2435,1142
account.account_id,3766,1142
account.account_id,1103,1076
account.account_id,3765,1122
account.account_id,1104,1140
account.account_id,2434,1085
account.account_id,3760,1086
account.account_id,11054,1102
account.account_id,11053,1157
account.account_id,2431,1155
account.account_id,1100,1169
account.account_id,2430,1144
account.account_id,1109,1116
account.account_id,3768,1139
account.account_id,1105,1084
account.account_id,2437,1125
account.account_id,3767,1101
account.account_id,2436,1067
account.account_id,1106,1071
account.account_id,1107,1107
account.account_id,2439,1094
account.account_id,2438,1121
account.account_id,3769,1140
account.account_id,1108,1045
account.account_id,1112,1053
account.account_id,3775,1182
account.account_id,2444,1080
account.account_id,3774,1143
account.account_id,2443,1122
account.account_id,1113,1070
account.account_id,1114,1163
account.account_id,2446,1085
account.account_id,3777,1112
account.account_id,2445,1104
account.account_id,3776,1121
account.account_id,1115,1158
account.account_id,3771,1050
account.account_id,2440,1089
account.account_id,3770,1170
account.account_id,11042,1103
account.account_id,1110,1117
account.account_id,3773,1112
account.account_id,2442,1079
account.account_id,3772,1115
account.account_id,2441,1173
account.account_id,1111,1130
account.account_id,1116,1146
account.account_id,2448,1132
account.account_id,3779,1114
account.account_id,2447,1071
account.account_id,3778,1117
account.account_id,1117,1074
account.account_id,1118,1136
account.account_id,2449,1089
date.SK_Day,19940527,2470
date.SK_Day,19940526,2408
date.SK_Day,19940528,2506
date.SK_Day,19940521,2515
date.SK_Day,19940520,2496
date.SK_Day,19940523,2503
date.SK_Day,19940522,2437
date.SK_Day,19940525,2523
date.SK_Day,19940524,2420
account.account_id,11079,1089
account.account_id,3700,1070
account.account_id,3706,1135
account.account_id,3705,1060
account.account_id,3708,1125
account.account_id,3702,1119
account.account_id,3701,1115
account.account_id,3704,1055
account.account_id,3703,1127
date.SK_Day,19981001,2596
date.SK_Day,19981004,2497
account.account_id,3709,1147
date.SK_Day,19981005,2403
date.SK_Day,19981002,2553
date.SK_Day,19981003,2470
date.SK_Day,19981008,2571
date.SK_Day,19981009,2470
date.SK_Day,19981006,2495
date.SK_Day,19981007,2490
account.district_name,Nymburk,51220
account.account_id,11069,1136
account.account_id,3711,1144
account.account_id,3710,1101
account.account_id,11065,1155
account.account_id,3717,1108
account.account_id,3716,1097
account.account_id,3719,1155
account.account_id,3718,1086
account.account_id,3713,1120
account.account_id,3712,1074
account.account_id,3715,1104
account.account_id,3714,1147
date.SK_Day,19940505,2487
date.SK_Day,19981011,2450
date.Day,1998-01-19,2512
date.SK_Day,19940504,2422
date.SK_Day,19981012,2428
date.Day,1998-01-18,2509
date.SK_Day,19940507,2463
date.Day,1998-01-17,2385
date.SK_Day,19940506,2368
date.SK_Day,19981010,2531
date.Day,1998-01-16,2483
date.SK_Day,19981015,2456
date.SK_Day,19940509,2575
date.SK_Day,19981016,2423
date.SK_Day,19940508,2517
date.SK_Day,19981013,2473
date.SK_Day,19981014,2541
date.SK_Day,19981019,2442
date.Month,1994-04,69474
date.Month,1994-03,69653
date.SK_Day,19981017,2540
date.Month,1994-02,69473
date.SK_Day,19981018,2525
date.Month,1994-01,69044
date.SK_Day,19940501,2505
date.SK_Day,19940503,2422
date.SK_Day,19940502,2482
account.account_id,3720,1092
account.account_id,3722,1178
account.account_id,3721,1091
date.Month,1994-09,69631
date.Month,1994-08,69126
date.Month,1994-07,69062
date.Month,1994-06,69834
account.account_id,11096,1179
date.Month,1994-05,69607
account.account_id,3728,1119
date.Day,1998-01-11,2495
account.account_id,3727,1170
date.Day,1998-01-10,2520
account.account_id,3729,1089
account.account_id,3724,1108
date.Day,1998-01-15,2498
account.account_id,3723,1100
date.Day,1998-01-14,2503
account.account_id,3726,1128
date.Day,1998-01-13,2562
account.account_id,3725,1101
date.Day,1998-01-12,2552
date.SK_Day,19940516,2454
date.SK_Day,19981022,2562
date.Day,1998-01-08,2459
date.SK_Day,19940515,2429
date.SK_Day,19981023,2469
date.Day,1998-01-07,2482
date.SK_Day,19940518,2444
date.SK_Day,19981020,2541
date.Day,1998-01-06,2531
date.SK_Day,19981021,2437
date.SK_Day,19940517,2526
date.Day,1998-01-05,2408
date.SK_Day,19981026,2503
date.SK_Day,19940519,2417
date.SK_Day,19981027,2481
date.SK_Day,19981024,2557
date.SK_Day,19981025,2492
date.Day,1998-01-09,2500
date.SK_Day,19940510,2522
date.SK_Day,19981028,2444
date.SK_Day,19940512,2466
date.SK_Day,19940511,2479
date.SK_Day,19940514,2525
date.SK_Day,19940513,2617
account.account_id,3731,1091
account.account_id,2400,1135
account.account_id,3730,1125
account.account_id,2402,1066
account.account_id,3733,1105
account.account_id,2401,1187
account.account_id,3732,1145
account.account_id,2408,1053
account.account_id,3739,1085
account.account_id,3738,1122
account.account_id,2407,1057
account.account_id,2409,1109
account.account_id,3735,1179
account.account_id,2404,1104
date.Day,1998-01-04,2428
account.account_id,2403,1145
account.account_id,3734,1135
date.Day,1998-01-03,2356
account.account_id,2406,1135
account.account_id,3737,1091
date.Day,1998-01-02,2505
account.account_id,2405,1137
account.account_id,3736,1141
date.Day,1998-01-01,2500
account.account_id,9560,1152
account.district_name,Kutna Hora,53557
date.SK_Day,19951220,2423
date.Day,1993-04-02,2526
date.Day,1993-04-01,2526
date.Day,1993-04-04,2489
date.Day,1993-04-03,2525
date.SK_Day,19951221,2438
date.SK_Day,19951222,2451
date.Day,1993-04-09,2430
date.SK_Day,19951223,2478
date.SK_Day,19951224,2433
date.SK_Day,19951225,2493
date.Day,1993-04-06,2580
date.SK_Day,19951226,2488
date.Day,1993-04-05,2452
date.SK_Day,19951227,2443
date.Day,1993-04-08,2498
date.SK_Day,19951228,2439
date.Day,1993-04-07,2512
date.SK_Day,19951218,2422
date.SK_Day,19951219,2503
date.SK_Day,19951210,2468
date.SK_Day,19951211,2510
date.SK_Day,19951212,2473
date.SK_Day,19951213,2531
date.SK_Day,19951214,2522
date.SK_Day,19951215,2600
date.SK_Day,19951216,2577
date.SK_Day,19951217,2552
account.account_id,9583,1102
date.SK_Day,19951207,2534
date.Day,1993-04-24,2479
date.SK_Day,19951208,2475
date.Day,1993-04-23,2515
date.SK_Day,19951209,2455
date.Day,1993-04-26,2479
date.Day,1993-04-25,2449
date.Day,1993-04-20,2504
date.Day,1993-04-22,2479
date.Day,1993-04-21,2471
date.SK_Day,19951201,2512
date.SK_Day,19951202,2413
date.SK_Day,19951203,2450
date.Day,1993-04-28,2562
date.SK_Day,19951204,2430
date.Day,1993-04-27,2523
date.SK_Day,19951205,2466
date.SK_Day,19951206,2480
account.account_id,8261,1072
account.account_id,8268,1078
account.account_id,8260,1123
account.account_id,9591,1101
date.Day,1993-04-13,2574
date.Day,1993-04-12,2474
date.Day,1993-04-15,2513
date.Day,1993-04-14,2486
date.Day,1993-04-11,2485
date.Day,1993-04-10,2478
date.Day,1993-04-17,2498
date.Day,1993-04-16,2467
date.Day,1993-04-19,2487
date.Day,1993-04-18,2521
account.account_id,9528,1073
account.account_id,8212,1138
account.account_id,9548,1116
account.account_id,9549,1167
account.district_name,Cesky Krumlov,55777
account.account_id,8225,1050
date.Day,1995-05-02,2359
date.Day,1995-05-03,2462
date.Day,1995-05-01,2482
account.account_id,2095,1207
date.Day,1995-05-06,2598
account.account_id,2094,1064
date.Day,1995-05-07,2510
account.account_id,2097,1184
date.Day,1995-05-04,2574
account.account_id,2096,1113
date.Day,1995-05-05,2436
account.account_id,2091,1115
account.account_id,2090,1202
account.account_id,2093,1148
date.Day,1995-05-08,2597
account.account_id,2092,1049
date.Day,1995-05-09,2571
account.account_id,2099,1095
date.Day,1995-05-10,2419
account.district_name,Frydek - Mistek,92450
date.Day,1995-05-13,2398
date.Day,1995-05-14,2400
date.Day,1995-05-11,2508
date.Day,1995-05-12,2424
date.Day,1995-05-17,2482
date.Day,1995-05-18,2422
date.Day,1995-05-15,2468
date.Day,1995-05-16,2483
date.Day,1995-05-19,2483
date.Day,1995-05-20,2477
date.Day,1995-05-21,2464
date.Day,1995-05-24,2460
date.Day,1995-05-25,2489
date.Day,1995-05-22,2541
date.Day,1995-05-23,2526
date.Day,1995-05-28,2470
date.Day,1995-05-26,2457
date.Day,1995-05-27,2482
account.account_id,9504,1074
account.account_id,9510,1152
account.account_id,9513,1060
account.district_name,Novy Jicin,46871
account.account_id,2051,1130
account.account_id,3382,1127
account.account_id,2050,1107
account.account_id,3381,1107
account.account_id,2053,1148
account.account_id,3384,1059
account.account_id,3383,1117
account.account_id,2052,1161
account.account_id,3380,1077
account.account_id,2059,1165
account.account_id,3389,1126
account.account_id,2058,1103
account.account_id,3386,1169
account.account_id,2055,1164
account.account_id,2054,1170
account.account_id,3385,1052
account.account_id,2057,1112
account.account_id,3387,1120
account.account_id,2056,1089
account.account_id,2062,1060
account.account_id,3393,1100
account.account_id,2061,1061
account.account_id,3392,1167
account.account_id,2064,1077
account.account_id,3395,1080
account.account_id,2063,1154
account.account_id,3394,1105
account.account_id,3391,1136
account.account_id,2060,1083
account.account_id,3390,1063
account.account_id,2069,1086
account.account_id,3397,1071
account.account_id,2066,1118
account.account_id,3396,1114
account.account_id,2065,1090
account.account_id,2068,1138
account.account_id,3399,1166
account.account_id,3398,1162
account.account_id,2067,1068
account.account_id,2073,1142
account.account_id,2072,1069
account.account_id,2075,1145
account.account_id,2074,1176
account.account_id,2071,1077
account.account_id,2070,1158
account.account_id,2077,1078
account.account_id,2076,1088
account.account_id,2079,1107
account.account_id,2078,1047
account.account_id,2084,1054
account.account_id,2083,1084
account.account_id,2086,1066
account.account_id,2085,1086
account.account_id,2080,1133
account.account_id,2082,1172
account.account_id,2081,1145
account.account_id,2088,1068
account.account_id,2087,1047
account.account_id,2089,1097
account.district_name,Plzen - sever,49891
account.account_id,2130,1139
account.account_id,3461,1108
account.account_id,3460,1092
account.district_name,Pardubice,58517
account.account_id,2136,1118
account.account_id,3467,1090
account.account_id,2135,1124
account.account_id,3466,1138
account.account_id,3469,1111
account.account_id,2138,1115
date.Day,1996-12-20,2428
account.account_id,2137,1122
account.account_id,3468,1123
account.account_id,3463,1089
account.account_id,2132,1079
date.SK_Day,19970423,2499
account.account_id,3462,1101
account.account_id,2131,1057
date.SK_Day,19970422,2512
account.account_id,2134,1117
account.account_id,3465,1139
date.SK_Day,19970421,2497
account.account_id,3464,1143
account.account_id,4794,1122
account.account_id,2133,1167
date.SK_Day,19970420,2410
date.SK_Day,19970427,2489
date.Day,1996-12-26,2537
date.SK_Day,19970426,2524
date.Day,1996-12-25,2457
date.SK_Day,19970425,2508
date.Day,1996-12-28,2498
date.SK_Day,19970424,2493
date.Day,1996-12-27,2353
date.Day,1996-12-22,2402
account.account_id,2139,1081
date.Day,1996-12-21,2526
date.Day,1996-12-24,2544
date.SK_Day,19970428,2523
date.Day,1996-12-23,2521
date.Day,1996-12-19,2548
date.Day,1996-12-18,2424
account.account_id,3470,1099
account.account_id,3472,1083
account.account_id,2141,1126
account.account_id,2140,1070
account.account_id,3471,1116
account.account_id,3478,1054
account.account_id,2147,1132
account.account_id,2146,1030
account.account_id,3477,1129
account.account_id,2149,1113
account.account_id,3479,1067
account.account_id,2148,1115
account.account_id,2143,1083
account.account_id,3474,1075
account.account_id,2142,1109
account.account_id,3476,1068
account.account_id,2144,1136
date.Day,1996-12-15,2419
date.Day,1996-12-14,2406
date.Day,1996-12-17,2476
date.Day,1996-12-16,2522
date.Day,1996-12-11,2486
date.Day,1996-12-10,2502
date.Day,1996-12-13,2465
date.Day,1996-12-12,2592
date.Day,1996-12-08,2427
date.Day,1996-12-07,2434
date.Day,1996-12-09,2456
account.account_id,2150,1133
account.account_id,3480,1085
account.account_id,2152,1078
account.account_id,3483,1091
account.account_id,2151,1095
account.account_id,3482,1080
account.account_id,3489,1079
account.account_id,2158,1047
account.account_id,2157,1109
account.account_id,2159,1108
account.account_id,3485,1134
account.account_id,2154,1092
account.account_id,3484,1109
account.account_id,2153,1041
account.account_id,2156,1077
account.account_id,3487,1126
account.account_id,3486,1129
account.account_id,2155,1039
date.Day,1996-12-04,2431
date.Day,1996-12-03,2491
date.Day,1996-12-06,2448
date.Day,1996-12-05,2477
date.Day,1996-12-02,2440
date.Day,1996-12-01,2474
date.SK_Day,19981103,2446
date.SK_Day,19981104,2564
date.SK_Day,19981101,2558
date.SK_Day,19981102,2494
account.account_id,3492,1145
account.account_id,2161,1130
date.SK_Day,19981107,2527
account.account_id,2160,1177
account.account_id,3491,1118
date.SK_Day,19981108,2523
account.account_id,2163,1103
account.account_id,3494,1110
date.SK_Day,19981105,2580
account.account_id,3493,1105
account.account_id,2162,1146
date.SK_Day,19981106,2471
account.account_id,3490,1112
date.SK_Day,19981109,2521
account.account_id,2169,1130
account.account_id,3499,1070
account.account_id,2165,1101
account.account_id,3496,1065
account.account_id,2164,1171
account.account_id,3495,1175
account.account_id,2167,1120
account.account_id,3498,1102
account.account_id,2166,1134
account.account_id,3497,1146
account.account_id,3423,1083
account.account_id,3422,1070
account.account_id,3425,1092
account.account_id,4753,1074
account.account_id,3424,1191
account.account_id,3421,1079
account.account_id,3427,1139
account.account_id,3426,1180
account.account_id,3429,1080
account.account_id,3428,1133
account.account_id,3434,1170
account.account_id,2103,1138
account.account_id,3433,1083
account.account_id,2102,1117
account.account_id,2105,1100
account.account_id,3436,1131
account.account_id,2104,1120
account.account_id,3435,1080
account.account_id,3430,1133
account.account_id,2101,1100
account.account_id,3432,1128
account.account_id,3431,1144
account.account_id,2107,1114
account.account_id,3438,1061
account.account_id,3437,1019
account.account_id,2106,1071
account.account_id,2109,1099
account.account_id,4768,1146
account.account_id,3439,1104
account.account_id,2108,1056
account.account_id,3445,1075
account.account_id,2114,1102
account.account_id,2113,1149
account.account_id,3444,1147
account.account_id,2116,1067
account.account_id,2115,1157
account.account_id,3446,1138
account.account_id,2110,1150
date.SK_Day,19970401,2479
account.account_id,4774,1094
account.account_id,3440,1125
account.account_id,2112,1065
account.account_id,3443,1124
account.account_id,2111,1105
account.account_id,3442,1071
date.SK_Day,19970405,2382
date.SK_Day,19970404,2509
date.SK_Day,19970403,2462
date.SK_Day,19970402,2472
account.account_id,3449,1111
account.account_id,2118,1160
date.SK_Day,19970409,2519
account.account_id,3448,1144
account.account_id,2117,1089
date.SK_Day,19970408,2516
date.SK_Day,19970407,2453
account.account_id,2119,1065
date.SK_Day,19970406,2463
account.account_id,3450,1032
account.account_id,2125,1127
account.account_id,3456,1059
account.account_id,2124,1131
account.account_id,3455,1162
account.account_id,3458,1107
account.account_id,2127,1078
account.account_id,3457,1169
account.account_id,2126,1113
account.account_id,3452,1106
account.account_id,2121,1104
account.account_id,4784,1119
date.SK_Day,19970412,2489
account.account_id,3451,1087
date.SK_Day,19970411,2518
account.account_id,2123,1101
account.account_id,3454,1087
date.SK_Day,19970410,2488
account.account_id,2122,1040
account.account_id,3453,1131
date.SK_Day,19970416,2483
date.SK_Day,19970415,2512
date.SK_Day,19970414,2377
date.SK_Day,19970413,2436
account.account_id,3459,1138
account.account_id,2128,1085
date.SK_Day,19970419,2534
date.SK_Day,19970418,2480
date.SK_Day,19970417,2486
date.SK_Day,19940604,2422
date.SK_Day,19940603,2483
date.SK_Day,19940606,2468
date.SK_Day,19940605,2425
date.SK_Day,19940608,2421
date.SK_Day,19940607,2507
date.SK_Day,19940609,2510
date.SK_Day,19940602,2502
date.SK_Day,19940601,2507
account.account_id,4715,1109
date.SK_Day,19940615,2467
date.SK_Day,19940614,2496
date.SK_Day,19940617,2592
date.SK_Day,19940616,2464
date.SK_Day,19940619,2461
date.SK_Day,19940618,2497
date.SK_Day,19940611,2606
date.SK_Day,19940610,2485
date.SK_Day,19940613,2464
date.SK_Day,19940612,2480
account.account_id,4729,1151
account.account_id,4727,1099
account.account_id,4725,1122
status.status,Running Contract/Client in Debt,1250521
account.account_id,3401,1104
account.account_id,3403,1103
account.account_id,3402,1136
account.account_id,3409,1159
account.account_id,3408,1147
account.account_id,3405,1114
account.account_id,3404,1114
account.account_id,3407,1112
account.account_id,3406,1024
account.account_id,3412,1094
account.account_id,3411,1020
account.account_id,3413,1096
account.account_id,4743,1096
account.account_id,3410,1096
account.account_id,3419,1091
account.account_id,3415,1086
account.account_id,4746,993
account.account_id,3418,1122
account.account_id,3417,1096
date.SK_Day,19981110,2475
date.SK_Day,19981111,2449
date.SK_Day,19981114,2450
date.SK_Day,19981115,2479
date.SK_Day,19981112,2531
date.SK_Day,19981113,2500
date.SK_Day,19981118,2544
date.SK_Day,19981119,2506
date.SK_Day,19981116,2458
date.Day,1998-12-11,2479
date.SK_Day,19981117,2580
date.Day,1998-12-10,2488
date.Day,1998-12-13,2389
date.Day,1998-12-12,2612
date.Day,1998-12-15,2462
date.Day,1998-12-14,2439
date.Day,1998-12-17,2492
date.Day,1998-12-16,2497
date.Day,1998-12-19,2516
date.Day,1998-12-18,2447
date.SK_Day,19981121,2420
date.SK_Day,19981122,2554
date.SK_Day,19981120,2489
date.SK_Day,19981125,2464
date.SK_Day,19981126,2475
date.SK_Day,19981123,2604
date.SK_Day,19981124,2414
date.Day,1998-12-20,2550
date.SK_Day,19981127,2538
date.Day,1998-12-22,2496
date.SK_Day,19981128,2524
date.Day,1998-12-21,2498
date.Day,1998-12-24,2483
date.Day,1998-12-23,2447
date.Day,1998-12-26,2465
date.Day,1998-12-25,2513
date.Day,1998-12-28,2469
date.Day,1998-12-27,2451
date.SK_Day,19940626,2474
date.SK_Day,19940625,2460
date.SK_Day,19940628,2459
date.SK_Day,19940627,2481
date.SK_Day,19940620,2436
date.SK_Day,19940622,2375
date.SK_Day,19940621,2500
date.SK_Day,19940624,2517
date.SK_Day,19940623,2520
date.Day,1998-12-02,2488
date.Day,1998-12-01,2434
date.Day,1998-12-04,2450
date.Day,1998-12-03,2459
date.Day,1998-12-06,2519
date.Day,1998-12-05,2445
date.Day,1998-12-08,2385
date.Day,1998-12-07,2457
date.Day,1998-12-09,2511
date.Day,1996-06-26,2487
date.Day,1996-06-27,2440
date.Day,1996-06-28,2433
date.Day,1997-11-27,2424
date.Day,1996-06-20,2503
date.Day,1996-06-21,2541
date.Day,1997-11-28,2475
date.Day,1996-06-22,2563
date.Day,1996-06-23,2466
date.Day,1996-06-24,2379
date.Day,1996-06-25,2375
date.Day,1997-11-21,2492
date.Day,1997-11-22,2468
date.Day,1997-11-20,2531
date.Day,1997-11-25,2536
date.Day,1997-11-26,2512
date.Day,1997-11-23,2526
date.Day,1997-11-24,2517
date.Day,1996-06-15,2491
date.Day,1996-06-16,2445
date.Day,1996-06-17,2495
date.Day,1996-06-18,2429
date.Day,1996-06-19,2496
account.account_id,7033,1087
date.Day,1996-06-10,2461
date.Day,1996-06-11,2504
date.Day,1996-06-12,2534
date.Day,1996-06-13,2561
date.Day,1996-06-14,2462
date.Day,1996-06-04,2335
date.Day,1996-06-05,2507
date.Day,1996-06-06,2479
date.Day,1996-06-07,2508
date.Day,1996-06-08,2442
date.Day,1996-06-09,2427
account.account_id,8377,1103
date.Day,1997-11-07,2521
date.Day,1997-11-08,2393
account.account_id,7045,1136
date.Day,1997-11-05,2513
date.Day,1997-11-06,2471
date.Day,1996-06-01,2532
date.Day,1997-11-09,2481
date.Day,1996-06-02,2378
date.Day,1996-06-03,2484
date.Day,1997-11-03,2450
date.Day,1997-11-04,2543
account.account_id,7049,1095
date.Day,1997-11-01,2502
date.Day,1997-11-02,2464
date.Day,1997-11-18,2503
date.Day,1997-11-19,2481
date.Day,1997-11-16,2421
date.Day,1997-11-17,2518
account.account_id,7052,1129
account.account_id,8381,1113
date.Day,1997-11-10,2528
date.Day,1997-11-11,2540
date.Day,1997-11-14,2489
date.Day,1997-11-15,2479
date.Day,1997-11-12,2433
date.Day,1997-11-13,2489
account.account_id,9640,1083
account.account_id,9645,1114
account.account_id,9646,1062
account.account_id,8316,1112
account.account_id,8320,1112
account.account_id,8321,1080
account.account_id,9656,1078
account.account_id,8327,1130
account.account_id,8330,1108
account.account_id,8341,1138
account.account_id,9673,1177
account.account_id,7011,1087
account.account_id,9677,1111
account.district_name,Ceske Budejovice,45575
account.account_id,9627,1066
account.account_id,9631,997
account.account_id,9633,1105
account.account_id,9635,1096
account.account_id,2172,1082
account.account_id,2174,1089
account.account_id,2173,1125
account.account_id,2170,1149
account.account_id,2179,1132
account.account_id,2176,1127
account.account_id,2175,1126
account.account_id,2178,1123
account.account_id,2177,1095
account.account_id,2183,1097
account.account_id,2182,1055
account.account_id,2185,1103
account.account_id,2184,1172
account.account_id,2180,1123
account.account_id,2187,1144
account.account_id,2186,1102
account.account_id,2189,1132
account.account_id,2194,1180
account.account_id,2193,1049
account.account_id,2196,1144
account.account_id,2195,1162
account.account_id,2190,1077
account.account_id,2192,1103
account.account_id,2191,1187
account.account_id,2197,1132
account.account_id,2199,1086
account.account_id,3580,1132
account.account_id,3582,1149
account.account_id,2250,1117
account.account_id,3581,1130
account.account_id,2257,1058
account.account_id,3588,1136
date.Day,1994-03-06,2441
account.account_id,3587,1050
account.account_id,2256,1168
date.Day,1994-03-05,2450
account.account_id,2259,1125
date.Day,1994-03-04,2537
account.account_id,3589,1093
account.account_id,2258,1116
date.Day,1994-03-03,2492
account.account_id,3584,1114
account.account_id,2253,1049
account.account_id,3583,1119
account.account_id,2252,1106
date.Day,1994-03-09,2485
account.account_id,3586,1103
account.account_id,2255,1113
date.Day,1994-03-08,2444
account.account_id,3585,1122
account.account_id,2254,1123
date.Day,1994-03-07,2402
date.Day,1994-03-02,2486
date.Day,1994-03-01,2462
date.SK_Day,19981202,2466
date.SK_Day,19981203,2473
date.SK_Day,19981201,2457
account.account_id,3591,1094
account.account_id,2260,1086
date.SK_Day,19981206,2568
account.account_id,3590,1037
date.SK_Day,19981207,2518
account.account_id,3593,1069
account.account_id,2262,1177
date.SK_Day,19981204,2475
account.account_id,2261,1143
account.account_id,3592,1097
date.SK_Day,19981205,2401
date.SK_Day,19981208,2469
date.SK_Day,19981209,2457
account.account_id,3599,1090
account.account_id,2268,1127
date.Day,1994-03-17,2474
account.account_id,2267,1082
account.account_id,3598,1097
date.Day,1994-03-16,2453
date.Day,1994-03-15,2518
account.account_id,2269,1044
date.Day,1994-03-14,2564
account.account_id,3595,1171
account.account_id,2264,1029
account.account_id,2263,1107
account.account_id,3594,1141
account.account_id,3597,1129
account.account_id,2266,1117
date.Day,1994-03-19,2473
account.account_id,2265,1066
account.account_id,3596,1121
date.Day,1994-03-18,2493
date.Day,1994-03-13,2476
date.Day,1994-03-12,2516
date.Day,1994-03-11,2500
date.Day,1994-03-10,2530
date.SK_Day,19981210,2557
date.SK_Day,19981213,2427
date.SK_Day,19981214,2527
date.SK_Day,19981211,2432
date.SK_Day,19981212,2444
account.account_id,2271,1146
date.SK_Day,19981217,2516
account.account_id,2270,1105
date.SK_Day,19981218,2579
date.SK_Day,19981215,2446
account.account_id,2272,1116
date.SK_Day,19981216,2478
date.SK_Day,19981219,2498
account.account_id,2279,1144
date.Day,1994-03-28,2528
account.account_id,2278,1177
date.Day,1994-03-27,2356
date.Day,1994-03-26,2526
date.Day,1994-03-25,2569
account.account_id,2275,1099
account.account_id,2274,1145
account.account_id,2276,1111
date.Day,1994-03-20,2470
date.Day,1994-03-24,2519
date.Day,1994-03-23,2448
date.Day,1994-03-22,2516
date.Day,1994-03-21,2438
date.SK_Day,19981220,2469
date.SK_Day,19981221,2492
date.SK_Day,19981224,2557
date.SK_Day,19981225,2437
date.SK_Day,19981222,2465
date.SK_Day,19981223,2559
account.account_id,2282,1122
date.SK_Day,19981228,2458
account.account_id,2281,1139
date.SK_Day,19981226,2503
date.SK_Day,19981227,2515
account.account_id,2280,1177
status.status,Running Contract/OK,1251046
account.account_id,2289,1161
account.account_id,2286,1104
account.account_id,2285,1120
account.account_id,2288,1063
account.account_id,2287,1116
date.Day,1993-11-21,2362
account.district_name,Chrudim,55469
date.Day,1993-11-22,2492
date.Day,1993-11-20,2436
date.Day,1993-11-25,2429
date.Day,1993-11-26,2437
date.Day,1993-11-23,2430
date.Day,1993-11-24,2460
date.Day,1993-11-27,2516
date.Day,1993-11-28,2400
account.account_id,2213,1072
account.account_id,3544,1158
account.account_id,3543,1080
account.account_id,2212,1130
account.district_name,Liberec,63712
account.account_id,3546,1073
account.account_id,2215,1101
account.account_id,2214,1097
account.account_id,3545,1105
account.account_id,3540,1106
account.account_id,3542,1142
account.account_id,2211,1086
account.account_id,2210,1158
account.account_id,3541,1029
date.SK_Day,19970504,2527
date.SK_Day,19970503,2513
date.SK_Day,19970502,2492
date.SK_Day,19970501,2450
account.account_id,2217,1138
account.account_id,3548,1120
date.SK_Day,19970508,2444
account.account_id,2216,1096
account.account_id,3547,1108
date.SK_Day,19970507,2488
account.account_id,2219,1066
date.SK_Day,19970506,2536
account.account_id,2218,1153
account.account_id,3549,1083
date.SK_Day,19970505,2437
date.SK_Day,19970509,2439
account.account_id,3555,1094
account.account_id,2224,1094
account.account_id,2223,1192
account.account_id,3554,1116
account.account_id,3557,1131
account.account_id,2226,1124
account.account_id,3556,1065
account.account_id,2225,1122
account.account_id,3551,1120
account.account_id,2220,1127
date.SK_Day,19970511,2502
account.account_id,3550,1135
date.SK_Day,19970510,2465
account.account_id,3553,1109
account.account_id,2222,1100
account.account_id,3552,1091
account.account_id,2221,1104
date.SK_Day,19970515,2491
date.SK_Day,19970514,2557
date.SK_Day,19970513,2547
date.SK_Day,19970512,2401
account.account_id,3559,1091
account.account_id,2228,1171
date.SK_Day,19970519,2498
account.account_id,2227,1136
account.account_id,3558,1176
date.SK_Day,19970518,2423
date.SK_Day,19970517,2459
account.account_id,2229,1078
date.SK_Day,19970516,2396
date.Day,1993-11-03,2489
date.Day,1993-11-04,2441
account.account_id,3560,1100
date.Day,1993-11-01,2403
date.Day,1993-11-02,2444
date.Day,1993-11-07,2429
date.Day,1993-11-08,2420
date.Day,1993-11-05,2505
date.Day,1993-11-06,2530
account.account_id,3566,1101
account.account_id,2235,1166
account.account_id,2234,1153
account.account_id,3565,1164
account.account_id,2237,1076
account.account_id,3568,1101
date.Day,1993-11-09,2558
account.account_id,3567,1127
account.account_id,2236,1083
account.account_id,3562,1084
account.account_id,2231,1136
account.account_id,4894,1100
date.SK_Day,19970522,2457
account.account_id,3561,1131
account.account_id,2230,1089
date.SK_Day,19970521,2541
account.account_id,2233,1134
account.account_id,3564,1086
date.SK_Day,19970520,2457
account.account_id,2232,1106
account.account_id,3563,1147
date.SK_Day,19970526,2522
date.SK_Day,19970525,2458
date.SK_Day,19970524,2497
date.SK_Day,19970523,2478
account.account_id,2239,1101
account.account_id,3569,1123
date.SK_Day,19970528,2403
date.SK_Day,19970527,2544
date.Day,1993-11-10,2478
date.Day,1993-11-11,2488
date.Day,1993-11-14,2524
date.Day,1993-11-15,2496
account.account_id,2240,1169
account.account_id,3571,1119
date.Day,1993-11-12,2363
account.account_id,3570,1098
date.Day,1993-11-13,2464
date.Day,1993-11-18,2549
date.Day,1993-11-19,2404
date.Day,1993-11-16,2438
date.Day,1993-11-17,2524
account.account_id,3577,1097
account.account_id,2246,1078
account.account_id,2245,1105
account.account_id,3576,1114
account.account_id,3579,1100
account.account_id,2247,1104
account.account_id,3578,1162
account.account_id,3573,1067
account.account_id,2242,1122
account.account_id,2241,1090
account.account_id,3572,1147
account.account_id,2244,1150
account.account_id,3575,1098
account.account_id,3574,1144
account.account_id,2243,1065
date.SK_Day,19940725,2467
date.Day,1995-11-05,2499
date.SK_Day,19940724,2517
date.Day,1995-11-06,2466
date.SK_Day,19940727,2515
date.Day,1995-11-03,2404
date.SK_Day,19940726,2490
date.Day,1995-11-04,2455
date.Day,1995-11-01,2419
date.SK_Day,19940728,2516
date.Day,1995-11-02,2465
date.SK_Day,19940721,2453
date.SK_Day,19940720,2443
date.SK_Day,19940723,2518
date.SK_Day,19940722,2411
account.account_id,3502,1153
account.account_id,3501,1110
account.account_id,3508,1119
account.account_id,3507,1073
account.account_id,3509,1080
account.account_id,3504,1088
date.Day,1995-11-09,2472
account.account_id,3503,1107
account.account_id,3506,1107
date.Day,1995-11-07,2546
account.account_id,3505,1077
date.Day,1995-11-08,2606
date.Day,1995-11-16,2421
date.Day,1995-11-17,2563
date.Day,1995-11-14,2438
date.Day,1995-11-15,2432
date.Day,1995-11-12,2454
date.Day,1995-11-13,2512
date.Day,1995-11-10,2509
date.Day,1995-11-11,2530
account.account_id,3511,1153
account.account_id,3510,1118
account.account_id,3513,1137
account.account_id,3512,1100
account.account_id,3519,1124
account.account_id,3518,1103
account.account_id,3515,1095
account.account_id,3514,1128
account.account_id,3517,1161
date.Day,1995-11-18,2460
account.account_id,3516,1103
date.Day,1995-11-19,2414
date.SK_Day,19940703,2474
date.Day,1995-11-27,2505
date.SK_Day,19940702,2482
date.Day,1995-11-28,2503
date.SK_Day,19940705,2463
date.Day,1995-11-25,2489
date.SK_Day,19940704,2420
date.Day,1995-11-26,2548
date.SK_Day,19940707,2438
date.Day,1995-11-23,2345
date.SK_Day,19940706,2454
date.Day,1995-11-24,2494
date.SK_Day,19940709,2489
date.Day,1995-11-21,2495
date.SK_Day,19940708,2433
date.Day,1995-11-22,2474
date.Day,1995-11-20,2407
date.SK_Day,19940701,2501
account.account_id,3522,1078
account.account_id,3521,1179
account.account_id,3524,1085
account.account_id,4852,1075
account.account_id,3523,1105
account.account_id,4851,1120
account.account_id,3520,1081
account.account_id,3529,1104
account.account_id,4858,1127
account.account_id,3526,1072
account.account_id,3525,1066
account.account_id,3528,1081
account.account_id,3527,1083
date.SK_Day,19940714,2403
date.SK_Day,19940713,2472
date.SK_Day,19940716,2493
date.SK_Day,19940715,2474
date.SK_Day,19940718,2460
date.SK_Day,19940717,2460
date.SK_Day,19940719,2596
date.SK_Day,19940710,2432
date.SK_Day,19940712,2422
date.SK_Day,19940711,2426
account.account_id,3533,1059
account.account_id,3532,1196
account.account_id,2201,1127
account.account_id,4863,1133
account.account_id,2204,1149
account.account_id,3535,1133
account.account_id,2203,1081
account.account_id,3534,1094
account.account_id,2200,1122
account.account_id,3531,1138
account.account_id,3530,1128
account.account_id,2209,1094
account.account_id,2206,1073
account.account_id,3537,1142
account.account_id,2205,1153
account.account_id,3536,1056
account.account_id,3539,1131
account.account_id,2208,1109
account.account_id,2207,1101
account.account_id,3538,1101
account.district_name,Brno - venkov,58586
account.account_id,4803,1136
account.account_id,7082,1133
account.account_id,7099,1141
account.account_id,4825,1176
date.Day,1994-08-21,2500
date.Day,1994-08-20,2517
account.district_name,Tabor,53300
date.Day,1994-08-19,2417
date.Day,1994-08-16,2462
date.Day,1994-08-15,2509
date.Day,1994-08-18,2503
date.Day,1994-08-17,2415
date.Day,1994-08-12,2455
date.Day,1994-08-11,2515
date.Day,1994-08-14,2492
date.Day,1994-08-13,2465
account.account_id,9333,1096
date.SK_Day,19950120,2504
date.SK_Day,19950128,2507
date.SK_Day,19950127,2498
date.SK_Day,19950126,2472
date.SK_Day,19950125,2457
date.SK_Day,19950124,2628
date.SK_Day,19950123,2401
date.SK_Day,19950122,2523
date.SK_Day,19950121,2526
date.Day,1994-08-27,2545
account.account_id,9337,1081
date.Day,1994-08-26,2482
date.Day,1994-08-28,2454
date.Day,1994-08-23,2397
date.Day,1994-08-22,2506
date.Day,1994-08-25,2460
date.Day,1994-08-24,2548
date.SK_Day,19950117,2470
date.SK_Day,19950116,2525
date.SK_Day,19950115,2476
date.SK_Day,19950114,2430
date.SK_Day,19950113,2482
date.SK_Day,19950112,2489
date.SK_Day,19950111,2442
date.SK_Day,19950110,2478
date.SK_Day,19950119,2534
date.SK_Day,19950118,2470
account.account_id,9353,1101
account.account_id,8026,1126
account.region,west Bohemia,478594
date.SK_Day,19950106,2367
date.SK_Day,19950105,2511
date.SK_Day,19950104,2369
date.SK_Day,19950103,2582
date.SK_Day,19950102,2569
date.SK_Day,19950101,2484
account.account_id,8027,1129
date.SK_Day,19950109,2418
date.SK_Day,19950108,2396
date.SK_Day,19950107,2515
account.district_name,Prachatice,61315
account.account_id,9307,1155
date.Day,1996-10-09,2485
date.Day,1996-09-18,2437
date.Day,1996-09-19,2508
date.Day,1996-10-05,2516
date.Day,1996-10-06,2480
date.Day,1996-10-07,2518
date.Day,1996-10-08,2518
account.account_id,3184,1051
date.Day,1996-09-12,2424
account.account_id,3183,1148
date.Day,1996-09-13,2449
account.account_id,3186,1026
date.Day,1996-09-10,2441
account.account_id,3185,1107
date.Day,1996-09-11,2437
account.account_id,3180,1108
date.Day,1996-09-16,2466
date.Day,1996-09-17,2456
account.account_id,3182,1077
date.Day,1996-09-14,2439
account.account_id,3181,1119
date.Day,1996-09-15,2430
account.account_id,3188,1166
account.account_id,3187,1094
date.Day,1996-09-20,2461
account.account_id,3189,1100
date.Day,1996-10-01,2494
date.Day,1996-10-02,2536
date.Day,1996-10-03,2576
date.Day,1996-10-04,2487
date.Day,1996-09-09,2499
date.Day,1996-09-07,2434
date.Day,1996-09-08,2460
account.account_id,3195,1120
date.Day,1996-09-01,2441
account.account_id,3194,1147
date.Day,1996-09-02,2505
account.account_id,3197,1095
account.account_id,3196,1141
account.account_id,3191,1099
date.Day,1996-09-05,2529
account.account_id,3190,1084
date.Day,1996-09-06,2428
account.account_id,3193,1119
date.Day,1996-09-03,2498
account.account_id,3192,1117
date.Day,1996-09-04,2447
account.account_id,3199,1134
date.SK_Day,19970603,2466
date.SK_Day,19970602,2430
date.SK_Day,19970601,2436
date.SK_Day,19970607,2467
date.SK_Day,19970606,2557
date.SK_Day,19970605,2445
date.SK_Day,19970604,2436
date.SK_Day,19970609,2526
date.SK_Day,19970608,2406
date.SK_Day,19970610,2437
date.SK_Day,19970614,2429
date.SK_Day,19970613,2475
date.SK_Day,19970612,2493
date.SK_Day,19970611,2517
date.SK_Day,19970618,2484
date.SK_Day,19970617,2474
date.SK_Day,19970616,2536
date.SK_Day,19970615,2446
date.SK_Day,19931013,2448
date.SK_Day,19931012,2498
date.SK_Day,19931011,2632
date.SK_Day,19931010,2438
account.account_id,3140,1092
account.account_id,4473,1083
account.account_id,4470,1157
account.account_id,3142,1159
account.account_id,4471,1047
account.account_id,3141,1092
account.account_id,3148,1087
account.account_id,3147,1112
account.account_id,4478,1089
account.account_id,3149,1116
account.account_id,4476,1105
account.account_id,3144,1083
account.account_id,3143,1090
account.account_id,3146,1074
account.account_id,4475,1128
account.account_id,3145,1067
date.SK_Day,19931017,2405
date.SK_Day,19931016,2411
date.SK_Day,19931015,2435
date.SK_Day,19931014,2398
date.SK_Day,19931019,2494
date.SK_Day,19931018,2442
date.SK_Day,19931020,2496
date.SK_Day,19931024,2330
date.SK_Day,19931023,2458
date.SK_Day,19931022,2410
date.SK_Day,19931021,2489
account.account_id,3151,1062
account.account_id,4484,1098
account.account_id,3153,1091
account.account_id,3152,1160
account.account_id,4480,1120
account.account_id,3158,1133
account.account_id,3155,1128
account.account_id,3154,1072
account.account_id,4488,1156
account.account_id,3157,1116
account.account_id,3156,1090
date.SK_Day,19931028,2468
date.SK_Day,19931027,2470
date.SK_Day,19931026,2501
date.SK_Day,19931025,2489
account.account_id,3162,1173
account.account_id,3161,1126
account.account_id,3164,1142
account.account_id,3163,1106
account.account_id,4493,1082
account.account_id,3160,1129
account.account_id,3169,1070
account.account_id,3166,1161
account.account_id,3168,1111
account.account_id,3167,1085
date.Day,1994-08-10,2400
date.SK_Day,19931002,2504
date.SK_Day,19931001,2503
account.account_id,3173,1113
account.account_id,3172,1135
account.account_id,3175,1122
account.account_id,3174,1096
account.account_id,3171,1063
account.account_id,3170,1186
account.account_id,3177,1099
date.Day,1994-08-09,2448
account.account_id,3176,1107
date.Day,1994-08-08,2456
account.account_id,3179,1095
account.account_id,3178,1102
date.SK_Day,19931006,2510
date.Day,1994-08-05,2386
date.SK_Day,19931005,2514
date.Day,1994-08-04,2472
date.SK_Day,19931004,2453
date.Day,1994-08-07,2474
date.SK_Day,19931003,2503
date.Day,1994-08-06,2553
date.Day,1994-08-01,2476
date.SK_Day,19931009,2485
date.SK_Day,19931008,2540
date.Day,1994-08-03,2445
date.SK_Day,19931007,2460
date.Day,1994-08-02,2472
account.account_id,4550,1135
account.account_id,3225,1098
account.account_id,3224,1112
account.account_id,3227,1149
account.account_id,3226,1104
account.account_id,3221,1133
account.account_id,3220,1098
account.account_id,3223,1135
account.account_id,3222,1147
account.account_id,3229,1132
account.account_id,3228,1115
account.account_id,5891,1101
account.account_id,3230,1173
account.account_id,3236,1114
account.account_id,3235,1082
account.account_id,3238,1115
account.account_id,3237,1103
account.account_id,3232,1156
account.account_id,3231,1071
account.account_id,3234,1126
account.account_id,3233,1098
account.account_id,3239,1127
account.account_id,3241,1114
account.account_id,3240,1130
account.account_id,3247,1114
account.account_id,3246,1124
account.account_id,3249,1106
account.account_id,3248,1151
account.account_id,3243,1118
account.account_id,3242,1099
account.account_id,4576,1126
account.account_id,3245,1136
account.account_id,3244,1114
account.account_id,3250,1134
account.account_id,3252,1114
account.account_id,4580,1049
account.account_id,3251,1104
account.account_id,3258,1029
account.account_id,4588,1115
account.account_id,4589,1128
account.account_id,3259,1083
account.account_id,3254,1075
account.account_id,3253,1062
account.account_id,3256,1053
account.account_id,3255,1104
account.account_id,4585,1182
date.SK_Day,19940802,2354
date.Day,1997-04-18,2463
date.SK_Day,19940801,2458
date.Day,1997-04-19,2422
date.SK_Day,19940804,2475
date.Day,1997-04-16,2482
date.SK_Day,19970619,2374
date.SK_Day,19940803,2532
date.Day,1997-04-17,2485
date.SK_Day,19940806,2520
date.Day,1997-04-14,2421
date.SK_Day,19940805,2439
date.Day,1997-04-15,2419
date.SK_Day,19940808,2458
date.Day,1997-04-12,2410
date.SK_Day,19940807,2556
date.Day,1997-04-13,2454
date.Day,1997-04-10,2470
date.Day,1997-04-11,2418
account.account_id,4514,1153
account.account_id,4511,1133
date.SK_Day,19970621,2480
date.SK_Day,19970620,2497
date.SK_Day,19970625,2396
date.SK_Day,19970624,2508
account.account_id,4519,1111
date.SK_Day,19970623,2448
date.SK_Day,19970622,2428
date.SK_Day,19970628,2419
date.SK_Day,19970627,2469
date.SK_Day,19970626,2498
date.SK_Day,19940813,2538
date.SK_Day,19940812,2448
date.SK_Day,19940815,2455
date.Day,1997-04-27,2483
date.SK_Day,19940814,2532
date.Day,1997-04-28,2488
date.SK_Day,19940817,2488
date.Day,1997-04-25,2547
date.SK_Day,19940816,2551
date.Day,1997-04-26,2538
date.SK_Day,19940819,2416
date.Day,1997-04-23,2451
date.SK_Day,19940818,2484
date.Day,1997-04-24,2433
date.Day,1997-04-21,2485
date.Day,1997-04-22,2501
date.Day,1997-04-20,2549
date.SK_Day,19940811,2484
date.SK_Day,19940810,2548
date.SK_Day,19940809,2489
account.account_id,4526,1132
account.account_id,4527,1149
date.Day,1996-10-27,2519
date.Day,1996-10-28,2478
account.account_id,3203,1090
account.account_id,3202,1135
account.account_id,3205,1090
account.account_id,4533,1087
account.account_id,4534,1135
account.account_id,3204,1221
account.account_id,3201,1076
account.account_id,3200,1160
date.Day,1996-10-23,2450
date.Day,1996-10-24,2474
date.Day,1996-10-25,2480
date.Day,1996-10-26,2422
account.account_id,3206,1126
date.Day,1996-10-20,2472
account.account_id,3209,1114
account.account_id,5868,1130
account.account_id,4537,1142
date.Day,1996-10-21,2519
account.account_id,3208,1138
account.account_id,4538,1084
date.Day,1996-10-22,2488
date.Day,1997-04-07,2298
date.Day,1997-04-08,2504
date.Day,1997-04-05,2569
date.Day,1997-04-06,2428
date.Day,1996-10-16,2539
date.Day,1997-04-03,2484
date.Day,1996-10-17,2485
date.Day,1997-04-04,2550
date.Day,1996-10-18,2513
date.Day,1997-04-01,2570
date.Day,1997-04-02,2519
date.Day,1996-10-19,2440
date.Day,1996-09-23,2424
account.account_id,5870,1094
date.Day,1996-09-24,2484
date.Day,1996-09-21,2433
date.Day,1996-09-22,2471
date.Day,1996-09-27,2454
date.Day,1996-09-28,2509
date.Day,1996-09-25,2454
date.Day,1996-09-26,2531
account.account_id,3214,1111
account.account_id,3213,1085
account.account_id,5878,1146
account.account_id,3216,1102
account.account_id,3210,1105
account.account_id,4543,1120
account.account_id,3212,1159
account.account_id,3211,1066
date.Day,1996-10-12,2488
date.Day,1996-10-13,2467
date.Day,1996-10-14,2486
date.Day,1996-10-15,2498
account.account_id,3218,1016
account.account_id,3217,1160
date.Day,1996-10-10,2460
date.Day,1997-04-09,2485
account.account_id,3219,1112
date.Day,1996-10-11,2445
date.Day,1998-02-09,2586
date.Day,1998-02-08,2495
date.Day,1998-02-07,2424
date.Day,1998-02-06,2494
account.region,north Moravia,882426
account.account_id,8073,1058
date.Day,1998-02-01,2531
date.Day,1998-02-05,2470
date.Day,1998-02-04,2418
date.Day,1998-02-03,2467
date.Day,1998-02-02,2450
account.account_id,8085,1134
account.district_name,Benesov,46393
account.account_id,5817,1181
date.SK_Day,19940824,2500
date.SK_Day,19940823,2405
date.SK_Day,19940826,2539
date.SK_Day,19940825,2431
date.Day,1998-02-28,2426
date.SK_Day,19940828,2523
date.SK_Day,19940827,2512
account.account_id,8092,1124
date.SK_Day,19940820,2512
account.account_id,8094,1121
date.SK_Day,19940822,2451
date.SK_Day,19940821,2411
date.Day,1993-02-01,2418
date.Day,1993-02-02,2487
date.Day,1998-02-23,2513
date.Day,1993-02-07,2476
date.Day,1998-02-22,2453
date.Day,1993-02-08,2440
date.Day,1998-02-21,2493
date.Day,1993-02-09,2556
date.Day,1998-02-20,2463
date.Day,1998-02-27,2466
date.Day,1993-02-03,2458
date.Day,1998-02-26,2491
date.Day,1993-02-04,2411
date.Day,1998-02-25,2424
date.Day,1993-02-05,2545
date.Day,1998-02-24,2426
date.Day,1993-02-06,2425
date.Day,1995-12-06,2512
date.Day,1998-02-19,2455
date.Day,1995-12-07,2455
date.Day,1998-02-18,2505
date.Day,1995-12-04,2417
date.Day,1998-02-17,2517
date.Day,1995-12-05,2622
date.Day,1995-12-02,2509
date.Day,1995-12-03,2447
date.Day,1995-12-01,2402
account.account_id,4503,1131
date.Day,1998-02-12,2520
date.Day,1998-02-11,2510
date.Day,1998-02-10,2542
account.account_id,5837,1119
date.Day,1998-02-16,2546
date.Day,1998-02-15,2528
date.Day,1998-02-14,2531
date.Day,1995-12-08,2369
date.Day,1995-12-09,2530
date.Day,1998-02-13,2533
date.Day,1995-12-17,2468
date.Day,1995-12-18,2451
date.Day,1995-12-15,2539
date.Day,1995-12-16,2466
date.Day,1995-12-13,2474
date.Day,1995-12-14,2406
date.Day,1995-12-11,2473
date.Day,1995-12-12,2459
date.Day,1995-12-10,2464
date.SK_Day,19950216,2514
date.Day,1993-02-21,2451
date.SK_Day,19950215,2386
date.Day,1993-02-22,2332
date.SK_Day,19950214,2538
date.Day,1993-02-23,2462
date.SK_Day,19950213,2412
date.Day,1993-02-24,2565
date.SK_Day,19950212,2439
date.SK_Day,19950211,2455
date.SK_Day,19950210,2515
date.Day,1993-02-20,2383
account.account_id,8038,1098
account.account_id,8039,1054
date.Day,1993-02-25,2413
date.SK_Day,19950219,2509
date.Day,1993-02-26,2439
date.SK_Day,19950218,2487
date.Day,1995-12-19,2432
date.Day,1993-02-27,2431
date.SK_Day,19950217,2387
date.Day,1993-02-28,2499
account.account_id,8041,1111
date.Day,1995-12-28,2472
date.Day,1995-12-26,2513
date.Day,1995-12-27,2399
date.Day,1995-12-24,2572
account.account_id,9377,1118
date.Day,1995-12-25,2472
date.Day,1995-12-22,2498
date.Day,1995-12-23,2340
date.Day,1995-12-20,2468
date.Day,1995-12-21,2405
date.SK_Day,19950205,2553
date.Day,1993-02-10,2455
date.SK_Day,19950204,2436
date.Day,1993-02-11,2432
date.SK_Day,19950203,2484
date.Day,1993-02-12,2558
date.SK_Day,19950202,2499
date.Day,1993-02-13,2609
date.SK_Day,19950201,2556
date.Day,1993-02-18,2487
date.Day,1993-02-19,2536
date.SK_Day,19950209,2481
date.Day,1993-02-14,2504
date.SK_Day,19950208,2512
date.Day,1993-02-15,2507
date.SK_Day,19950207,2518
date.Day,1993-02-16,2528
date.SK_Day,19950206,2494
date.Day,1993-02-17,2531
account.account_id,8051,1063
account.account_id,10906,1149
account.account_id,10905,1141
account.account_id,10904,1065
account.account_id,8114,1079
account.account_id,9455,1207
account.account_id,8127,1077
account.account_id,8129,1079
account.account_id,8132,1072
account.district_name,Pisek,50904
account.district_name,Pelhrimov,46612
account.account_id,9472,1051
account.account_id,10915,1146
date.SK_Day,19950227,2414
date.SK_Day,19950226,2515
date.SK_Day,19950225,2516
date.SK_Day,19950224,2455
date.SK_Day,19950223,2509
date.SK_Day,19950222,2445
date.SK_Day,19950221,2501
date.SK_Day,19950220,2467
account.account_id,8149,1123
account.account_id,10911,1133
date.SK_Day,19950228,2437
account.account_id,9403,1056
account.account_id,10942,1128
account.account_id,10940,1091
date.Day,1996-04-23,2469
date.Day,1996-04-22,2573
date.Day,1996-04-21,2503
date.Day,1996-04-20,2405
account.account_id,9422,1130
date.Day,1996-04-28,2448
date.Day,1996-04-27,2503
date.Day,1996-04-26,2483
date.Day,1996-04-25,2459
date.Day,1996-04-24,2426
account.account_id,9424,1110
account.account_id,10963,1117
date.Day,1996-04-12,2499
date.Day,1996-04-11,2392
date.Day,1996-04-10,2529
account.account_id,9433,1141
date.Day,1996-04-19,2478
date.Day,1996-04-18,2462
date.Day,1996-04-17,2533
date.Day,1996-04-16,2399
date.Day,1996-04-15,2511
date.Day,1996-04-14,2495
date.Day,1996-04-13,2381
account.account_id,10954,1078
date.SK_Day,19970702,2515
date.SK_Day,19970701,2470
date.SK_Day,19970706,2522
date.SK_Day,19970705,2594
date.SK_Day,19970704,2388
date.SK_Day,19970703,2519
date.SK_Day,19970709,2495
date.SK_Day,19970708,2424
date.SK_Day,19970707,2486
date.SK_Day,19931101,2445
date.SK_Day,19970713,2395
date.SK_Day,19931105,2446
date.SK_Day,19931104,2475
date.SK_Day,19970712,2454
date.SK_Day,19931103,2487
date.SK_Day,19970711,2506
date.SK_Day,19970710,2398
date.SK_Day,19931102,2439
date.SK_Day,19970717,2476
date.SK_Day,19931109,2540
date.SK_Day,19931108,2568
date.SK_Day,19970716,2446
account.account_id,10973,1110
date.SK_Day,19970715,2385
date.SK_Day,19931107,2452
date.SK_Day,19931106,2510
date.SK_Day,19970714,2440
date.SK_Day,19970719,2486
date.SK_Day,19970718,2447
date.SK_Day,19970720,2431
date.SK_Day,19970724,2507
date.SK_Day,19970723,2478
date.SK_Day,19970722,2495
date.SK_Day,19970721,2489
date.SK_Day,19970728,2467
date.SK_Day,19970727,2602
date.SK_Day,19970726,2525
date.SK_Day,19970725,2478
account.account_id,3261,1162
account.account_id,3260,1107
account.account_id,3263,1108
account.account_id,3262,1133
account.account_id,3269,1137
account.account_id,3268,1100
account.account_id,3265,1194
account.account_id,3264,1106
account.account_id,3267,1131
account.account_id,4596,1105
account.account_id,3266,1076
account.account_id,3272,1138
account.account_id,3271,1049
account.account_id,3274,1155
account.account_id,3273,1082
account.account_id,3270,1150
account.account_id,3279,1090
account.district_name,Usti nad Orlici,63673
account.account_id,3276,1162
account.account_id,3275,1096
account.account_id,3278,1109
account.account_id,3277,1156
date.SK_Day,19931112,2438
date.SK_Day,19931111,2374
date.SK_Day,19931110,2484
account.account_id,3283,1104
account.account_id,3282,1182
account.account_id,3285,1151
account.account_id,3284,1161
account.account_id,3281,1067
account.account_id,3280,1151
account.account_id,3287,1154
account.account_id,3286,1081
account.account_id,3289,1111
account.account_id,3288,1101
date.SK_Day,19931116,2464
date.SK_Day,19931115,2431
date.SK_Day,19931114,2488
date.SK_Day,19931113,2455
date.SK_Day,19931119,2548
date.SK_Day,19931118,2501
date.SK_Day,19931117,2448
date.SK_Day,19931123,2391
date.SK_Day,19931122,2540
date.SK_Day,19931121,2477
date.SK_Day,19931120,2538
account.account_id,3294,1166
account.account_id,3293,1093
account.account_id,3296,1059
account.account_id,3290,1111
account.account_id,3292,1086
account.account_id,3291,1142
account.account_id,3298,1180
account.account_id,3297,1092
account.account_id,3299,1102
date.SK_Day,19931127,2470
date.SK_Day,19931126,2465
date.SK_Day,19931125,2555
date.SK_Day,19931124,2450
date.SK_Day,19931128,2497
date.SK_Day,19980101,2448
date.SK_Day,19980103,2480
date.SK_Day,19980102,2487
date.SK_Day,19980105,2406
date.SK_Day,19980104,2468
date.SK_Day,19980107,2533
date.SK_Day,19980106,2439
date.SK_Day,19980109,2509
date.SK_Day,19980108,2497
account.account_id,2015,1126
account.account_id,3346,1100
account.account_id,3345,1110
account.account_id,3348,1101
account.account_id,2017,1088
account.account_id,3347,1126
account.account_id,2016,1071
account.account_id,2011,1097
account.account_id,3342,1108
account.account_id,2010,1146
account.account_id,3344,1095
account.account_id,2013,1175
account.account_id,3343,1081
account.account_id,2012,1127
account.account_id,2019,1135
account.account_id,3349,1133
account.account_id,2018,1135
date.SK_Day,19980110,2423
date.SK_Day,19980112,2498
date.SK_Day,19980111,2483
date.SK_Day,19980114,2481
date.SK_Day,19980113,2574
account.account_id,4681,1116
date.SK_Day,19980116,2485
date.SK_Day,19980115,2497
account.account_id,2020,1069
account.account_id,3351,1090
date.SK_Day,19980118,2503
account.account_id,3350,1077
date.SK_Day,19980117,2437
date.SK_Day,19980119,2464
account.account_id,3357,1087
account.account_id,2026,1111
account.account_id,2025,1083
account.account_id,3359,1052
account.account_id,2028,1096
account.account_id,2027,1091
account.account_id,3358,1085
account.account_id,3353,1150
account.account_id,2022,1107
account.account_id,2021,1081
account.account_id,3352,1077
account.account_id,2024,1087
account.account_id,3355,1056
account.account_id,3354,1104
account.account_id,2023,1045
account.account_id,2029,1076
date.SK_Day,19980121,2482
date.SK_Day,19980120,2506
date.SK_Day,19980123,2489
date.SK_Day,19980122,2444
date.SK_Day,19980125,2478
date.SK_Day,19980124,2514
account.account_id,3360,1080
date.SK_Day,19980127,2480
date.SK_Day,19980126,2442
account.account_id,3362,1092
account.account_id,3361,1124
account.account_id,2030,1072
date.SK_Day,19980128,2535
account.account_id,2037,1109
account.account_id,3368,1089
account.account_id,3367,1078
account.account_id,2036,1168
account.account_id,2039,1128
account.account_id,3369,1118
account.account_id,2038,1054
account.account_id,2033,1174
account.account_id,3364,1119
account.account_id,2032,1092
account.account_id,3363,1085
account.account_id,2035,1067
account.account_id,3366,1157
account.account_id,2034,1120
account.account_id,3365,1183
account.account_id,2040,1078
account.account_id,3371,1093
account.account_id,3370,1068
account.account_id,3373,1047
account.account_id,2042,1080
account.account_id,2041,1126
account.account_id,3372,1115
account.account_id,3379,1095
account.account_id,2048,1141
account.account_id,3378,1139
account.account_id,2047,1039
account.account_id,2049,1120
account.account_id,3375,1129
account.account_id,2044,1168
account.account_id,2043,1143
account.account_id,3374,1167
account.account_id,3377,1108
account.account_id,2046,1073
account.account_id,3376,1097
account.account_id,2045,1102
date.SK_Day,19940923,2502
date.SK_Day,19940922,2560
date.SK_Day,19940925,2458
date.SK_Day,19940924,2420
date.SK_Day,19940927,2466
date.SK_Day,19940926,2456
date.SK_Day,19940928,2370
date.SK_Day,19940921,2495
date.SK_Day,19940920,2550
account.account_id,3302,1106
date.Day,1998-08-24,2499
account.account_id,3301,1082
date.Day,1998-08-25,2508
account.account_id,3304,1116
date.Day,1998-08-22,2523
account.account_id,3303,1084
date.Day,1998-08-23,2469
date.Day,1998-08-20,2488
account.account_id,4631,1148
date.Day,1998-08-21,2509
account.account_id,3300,1128
account.account_id,3309,1143
date.SK_Day,19940919,2421
account.account_id,3306,1129
date.Day,1998-08-28,2572
account.account_id,3305,1026
account.account_id,3308,1089
date.Day,1998-08-26,2423
account.account_id,3307,1088
date.Day,1998-08-27,2386
date.Day,1998-08-13,2448
account.account_id,3312,1154
date.Day,1998-08-14,2423
account.account_id,3315,1161
date.Day,1998-08-11,2563
account.account_id,3314,1142
date.Day,1998-08-12,2462
date.Day,1998-08-10,2503
account.account_id,3311,1117
account.account_id,3310,1056
date.Day,1998-08-19,2527
account.account_id,3317,1086
date.Day,1998-08-17,2432
account.account_id,3316,1147
date.Day,1998-08-18,2411
account.account_id,3319,1088
date.Day,1998-08-15,2528
account.account_id,3318,1130
date.Day,1998-08-16,2538
date.SK_Day,19940901,2465
date.SK_Day,19940903,2495
date.SK_Day,19940902,2486
date.SK_Day,19940905,2489
date.SK_Day,19940904,2451
date.SK_Day,19940907,2487
date.SK_Day,19940906,2541
account.district_name,Hodonin,45769
account.district_name,Beroun,55732
account.account_id,3324,1117
account.account_id,3323,1095
account.account_id,3326,1140
account.account_id,3325,1098
account.account_id,3320,1098
account.account_id,5984,1119
account.account_id,4650,1069
account.account_id,3322,1115
account.account_id,3321,1127
account.account_id,3328,1102
account.account_id,3327,1143
account.account_id,3329,1103
account.account_id,4659,1181
date.SK_Day,19940912,2473
date.SK_Day,19940911,2515
date.SK_Day,19940914,2518
date.SK_Day,19940913,2515
date.SK_Day,19940916,2458
date.SK_Day,19940915,2478
date.SK_Day,19940918,2469
date.SK_Day,19940917,2379
account.account_id,5991,1156
account.account_id,4660,1158
date.SK_Day,19940910,2545
account.account_id,2004,1148
account.account_id,3335,1195
account.account_id,3334,1086
account.account_id,2003,1146
account.account_id,3337,1100
account.account_id,2006,1155
account.account_id,3336,1138
account.account_id,2005,1151
account.account_id,3331,1123
account.account_id,2000,1109
account.account_id,3330,1112
account.account_id,2002,1084
account.account_id,3333,1162
account.account_id,3332,1114
account.account_id,2001,1131
date.SK_Day,19940909,2426
date.SK_Day,19940908,2475
account.account_id,2008,1105
account.account_id,3339,1161
account.account_id,2007,1061
account.account_id,3338,1134
account.account_id,2009,1103
account.account_id,5927,1138
account.account_id,5944,1045
account.account_id,4618,1126
account.account_id,4616,1105
account.account_id,5952,1098
account.account_id,4626,1126
account.account_id,8153,1077
account.account_id,9484,1073
account.district_name,Cheb,55385
account.account_id,8158,1164
account.account_id,8159,1132
account.account_id,9493,1139
account.account_id,9494,1125
account.account_id,8169,1128
account.account_id,9491,1121
date.SK_Day,19950326,2518
date.SK_Day,19950325,2497
date.SK_Day,19950324,2413
date.SK_Day,19950323,2471
date.SK_Day,19950322,2426
date.SK_Day,19950321,2438
date.SK_Day,19950320,2552
date.SK_Day,19950328,2411
date.SK_Day,19950327,2566
account.account_id,8173,1078
date.SK_Day,19950315,2502
date.SK_Day,19950314,2437
date.SK_Day,19950313,2509
date.SK_Day,19950312,2499
date.SK_Day,19950311,2484
date.SK_Day,19950310,2552
date.SK_Day,19950319,2502
date.SK_Day,19950318,2468
account.district_name,Ceska Lipa,53507
date.SK_Day,19950317,2499
date.SK_Day,19950316,2443
account.district_name,Vsetin,44700
date.SK_Day,19950304,2530
date.SK_Day,19950303,2538
date.SK_Day,19950302,2418
date.SK_Day,19950301,2470
date.SK_Day,19950309,2542
date.SK_Day,19950308,2462
date.SK_Day,19950307,2528
account.account_id,5912,1131
date.SK_Day,19950306,2507
date.SK_Day,19950305,2483
date.SK_Day,19961028,2488
date.SK_Day,19961026,2483
date.SK_Day,19961027,2433
date.SK_Day,19961024,2476
date.SK_Day,19961025,2387
date.SK_Day,19961022,2499
date.SK_Day,19961023,2467
account.district_name,Praha - zapad,53269
date.SK_Day,19961020,2556
date.SK_Day,19961021,2470
date.SK_Day,19961017,2518
date.SK_Day,19961018,2492
date.SK_Day,19961015,2531
date.SK_Day,19961016,2548
date.SK_Day,19961013,2435
date.SK_Day,19961014,2393
date.SK_Day,19961011,2447
date.SK_Day,19961012,2427
date.SK_Day,19961019,2544
date.SK_Day,19961010,2503
date.SK_Day,19961006,2494
date.SK_Day,19961007,2584
date.SK_Day,19961004,2401
date.SK_Day,19961005,2512
date.All,ALL,5000000
account.account_id,10807,1054
date.SK_Day,19961002,2440
date.SK_Day,19961003,2624
account.account_id,9104,1137
date.SK_Day,19961001,2497
date.SK_Day,19961008,2523
date.SK_Day,19961009,2507
date.Day,1997-10-17,2427
date.Day,1997-10-18,2504
date.Day,1997-10-15,2437
date.Day,1997-10-16,2489
date.Day,1997-10-19,2446
date.Day,1997-09-20,2475
date.Day,1997-10-10,2475
date.Day,1997-09-21,2387
date.Day,1997-09-22,2440
date.Day,1997-09-23,2515
date.Day,1997-09-24,2527
date.Day,1997-10-13,2508
date.Day,1997-10-14,2499
date.Day,1997-09-25,2439
date.Day,1997-10-11,2446
date.Day,1997-09-26,2428
date.Day,1997-10-12,2475
date.Day,1997-09-27,2466
date.Day,1997-09-28,2563
date.Day,1997-10-28,2582
date.Day,1997-10-26,2450
date.Day,1997-10-27,2426
date.Day,1997-10-20,2536
date.Day,1997-10-21,2491
date.Day,1997-10-24,2486
date.Day,1997-10-25,2459
date.Day,1997-10-22,2494
date.Day,1997-10-23,2576
account.account_id,10812,1073
date.Day,1997-09-01,2411
date.Day,1997-09-02,2542
date.Day,1997-09-03,2460
date.Day,1997-09-04,2476
date.Day,1997-09-05,2553
date.Day,1997-09-06,2516
date.Day,1997-09-07,2419
date.Day,1997-09-08,2565
date.Day,1997-09-09,2480
date.Day,1997-10-06,2510
date.Day,1997-10-07,2472
date.Day,1997-10-04,2509
date.Day,1997-10-05,2486
date.Day,1997-10-08,2556
date.Day,1997-10-09,2504
date.Day,1997-09-10,2556
date.Day,1997-09-11,2395
date.Day,1997-09-12,2508
date.Day,1997-10-02,2568
date.Day,1997-09-13,2480
date.Day,1997-09-14,2521
date.Day,1997-10-03,2440
date.Day,1997-09-15,2548
date.Day,1997-10-01,2496
date.Day,1997-09-16,2556
date.Day,1997-09-17,2412
date.Day,1997-09-18,2526
date.Day,1997-09-19,2379
date.SK_Day,19970819,2470
date.SK_Day,19970818,2448
date.SK_Day,19970817,2462
date.SK_Day,19931211,2509
date.SK_Day,19931210,2538
account.account_id,4273,1125
account.account_id,4276,1176
date.SK_Day,19931215,2539
date.SK_Day,19970823,2525
date.SK_Day,19970822,2488
date.SK_Day,19931214,2494
date.SK_Day,19970821,2496
date.SK_Day,19931213,2448
date.SK_Day,19970820,2528
date.SK_Day,19931212,2474
date.SK_Day,19970827,2530
date.SK_Day,19931219,2465
date.SK_Day,19931218,2456
date.SK_Day,19970826,2548
date.SK_Day,19970825,2463
date.SK_Day,19931217,2534
date.SK_Day,19970824,2513
date.SK_Day,19931216,2480
date.SK_Day,19970828,2576
date.SK_Day,19931222,2444
date.SK_Day,19931221,2488
date.SK_Day,19931220,2435
account.account_id,4286,1111
account.account_id,4283,1103
account.account_id,4287,1057
date.SK_Day,19931226,2482
account.account_id,10857,1166
date.SK_Day,19931225,2431
date.SK_Day,19931224,2438
date.SK_Day,19931223,2492
date.SK_Day,19931228,2536
date.SK_Day,19931227,2419
account.account_id,4296,1117
account.account_id,4293,1082
account.account_id,10884,1065
date.SK_Day,19931209,2537
date.SK_Day,19931204,2510
date.SK_Day,19931203,2500
date.SK_Day,19931202,2596
date.SK_Day,19931201,2461
date.SK_Day,19931208,2474
date.SK_Day,19931207,2464
date.SK_Day,19931206,2489
date.SK_Day,19931205,2500
date.Day,1993-08-11,2547
date.Day,1993-08-10,2551
date.Day,1993-08-08,2458
date.Day,1993-08-07,2495
date.Day,1993-08-06,2411
account.account_id,4237,1152
date.Day,1993-08-05,2494
account.account_id,6897,1105
date.Day,1993-08-04,2514
date.Day,1993-08-03,2474
date.Day,1993-08-02,2527
date.Day,1993-08-01,2409
date.Day,1993-08-09,2492
account.account_id,5572,1146
account.account_id,4240,1116
account.account_id,4245,1137
account.account_id,5574,1105
account.account_id,4253,1136
account.account_id,4258,1118
date.Day,1993-08-28,2450
account.account_id,4259,1098
date.Day,1993-08-27,2494
date.Day,1993-08-26,2461
date.Day,1993-08-25,2514
account.account_id,4254,1108
date.Day,1993-08-24,2410
account.account_id,4255,1205
date.Day,1993-08-23,2535
date.SK_Day,19970801,2415
date.SK_Day,19970805,2471
date.SK_Day,19970804,2502
date.SK_Day,19970803,2423
date.SK_Day,19970802,2556
date.SK_Day,19970809,2503
date.SK_Day,19970808,2445
date.SK_Day,19970807,2470
date.SK_Day,19970806,2495
account.account_id,4263,1123
date.Day,1993-08-22,2466
account.account_id,4264,1030
date.Day,1993-08-21,2471
date.Day,1993-08-20,2479
account.account_id,5593,1111
account.account_id,4260,1135
account.account_id,5591,1137
date.Day,1993-08-19,2552
date.Day,1993-08-18,2505
account.account_id,4269,1156
date.Day,1993-08-17,2500
date.Day,1993-08-16,2464
date.Day,1993-08-15,2483
account.account_id,4268,1071
date.Day,1993-08-14,2409
date.Day,1993-08-13,2515
account.account_id,4266,1116
date.Day,1993-08-12,2493
date.SK_Day,19970812,2546
date.SK_Day,19970811,2429
date.SK_Day,19970810,2505
date.SK_Day,19970816,2473
date.SK_Day,19970815,2527
date.SK_Day,19970814,2437
date.SK_Day,19970813,2490
date.SK_Day,19980220,2492
date.SK_Day,19980222,2559
date.SK_Day,19980221,2566
date.SK_Day,19980224,2539
date.SK_Day,19980223,2514
date.SK_Day,19980226,2514
date.SK_Day,19980225,2516
date.SK_Day,19980228,2516
date.SK_Day,19980227,2447
account.account_id,5648,1098
account.account_id,4318,1082
account.account_id,5650,1121
account.account_id,6985,1123
account.account_id,4320,1114
account.account_id,4321,1203
account.account_id,4328,1042
account.account_id,4329,1070
account.account_id,5661,1133
account.account_id,4330,1065
account.account_id,3005,1122
account.account_id,4337,1133
account.account_id,3004,1131
account.account_id,3007,1095
account.account_id,4336,1129
account.account_id,3006,1124
account.account_id,3001,1055
account.account_id,3000,1124
account.account_id,3003,1106
account.account_id,4332,1111
account.account_id,3009,1137
account.account_id,3008,1049
account.account_id,3010,1120
account.account_id,3016,1124
account.account_id,3015,1190
account.account_id,4349,1142
account.account_id,4346,1108
account.account_id,3018,1119
account.account_id,3017,1106
account.account_id,4347,1127
account.account_id,3012,1152
account.account_id,3011,1184
account.account_id,4342,1078
account.account_id,3014,1044
account.account_id,4343,1102
account.account_id,3013,1213
account.district_name,Uherske Hradiste,48833
account.account_id,3019,1091
account.account_id,5602,1138
account.account_id,6930,1158
date.SK_Day,19980202,2437
date.SK_Day,19980201,2555
date.SK_Day,19980204,2486
date.SK_Day,19980203,2514
date.SK_Day,19980206,2518
date.SK_Day,19980205,2449
account.district_name,Karlovy Vary,46994
date.SK_Day,19980208,2549
date.SK_Day,19980207,2500
date.SK_Day,19980209,2355
account.account_id,5622,1125
account.account_id,6950,1063
account.account_id,5628,1133
date.SK_Day,19980211,2421
date.SK_Day,19980210,2463
date.SK_Day,19980213,2444
date.SK_Day,19980212,2489
date.SK_Day,19980215,2499
date.SK_Day,19980214,2445
date.SK_Day,19980217,2419
date.SK_Day,19980216,2515
date.SK_Day,19980219,2554
date.SK_Day,19980218,2596
account.account_id,4301,1080
account.account_id,5632,1123
account.account_id,4309,1111
date.Day,1996-04-01,2493
account.account_id,9167,1121
date.Day,1996-04-09,2426
date.Day,1996-04-08,2400
date.Day,1996-04-07,2468
date.Day,1996-04-06,2475
date.Day,1996-04-05,2514
date.Day,1996-04-04,2576
date.Day,1996-04-03,2429
date.Day,1996-04-02,2533
date.SK_Day,19950414,2510
date.SK_Day,19950413,2552
date.SK_Day,19950412,2510
date.SK_Day,19950411,2429
date.SK_Day,19950410,2493
date.SK_Day,19950419,2446
date.SK_Day,19950418,2490
date.SK_Day,19950417,2458
date.SK_Day,19950416,2523
date.SK_Day,19950415,2510
account.account_id,9179,1121
date.SK_Day,19950403,2451
date.SK_Day,19950402,2480
date.SK_Day,19950401,2544
date.SK_Day,19950409,2448
date.SK_Day,19950408,2516
date.SK_Day,19950407,2469
date.SK_Day,19950406,2467
date.SK_Day,19950405,2432
account.account_id,6902,1152
date.SK_Day,19950404,2558
date.Month,1995-10,69472
date.Month,1995-11,69111
account.account_id,9188,1069
date.Month,1995-12,69438
account.account_id,6910,1117
account.account_id,9199,1175
date.Month,1995-01,69744
date.Month,1995-02,69389
date.Month,1995-03,69080
date.Month,1995-04,69626
date.Month,1995-05,69604
account.account_id,9192,1101
account.account_id,6922,1140
date.Month,1995-06,69666
date.Month,1995-07,69571
date.Month,1995-08,69304
date.Month,1995-09,69412
account.account_id,6927,1127
account.account_id,6924,1107
date.SK_Day,19961105,2445
date.SK_Day,19961106,2472
date.SK_Day,19961103,2461
date.SK_Day,19961104,2502
date.SK_Day,19961101,2556
date.SK_Day,19961102,2480
account.district_name,Zlin,102026
date.SK_Day,19961109,2537
date.SK_Day,19961107,2460
date.SK_Day,19961108,2423
account.district_name,Jicin,45706
date.Day,1994-02-04,2463
date.Day,1994-02-05,2471
date.Day,1994-02-02,2435
date.Day,1994-02-03,2554
date.Day,1994-02-08,2495
date.Day,1994-02-09,2546
date.Day,1994-02-06,2491
date.Day,1994-02-07,2583
account.account_id,9138,1189
date.Day,1994-02-01,2366
account.account_id,9140,1113
date.Day,1994-02-15,2423
date.Day,1994-02-16,2540
date.Day,1994-02-13,2481
date.Day,1994-02-14,2453
date.Day,1994-02-19,2424
date.Day,1994-02-17,2541
date.Day,1994-02-18,2441
status.status,Contract Finished/Loan not Payed,1250148
date.Day,1994-02-11,2543
date.Day,1994-02-12,2443
date.Day,1994-02-10,2407
account.account_id,9153,1187
account.account_id,9156,1036
account.account_id,9159,1185
date.SK_Day,19950425,2504
date.Day,1994-02-26,2431
date.SK_Day,19950424,2485
date.Day,1994-02-27,2479
date.SK_Day,19950423,2513
date.Day,1994-02-24,2492
date.SK_Day,19950422,2527
date.Day,1994-02-25,2499
date.SK_Day,19950421,2491
date.SK_Day,19950420,2484
date.Day,1994-02-28,2391
date.Day,1994-02-22,2445
date.SK_Day,19950428,2526
date.Day,1994-02-23,2486
date.SK_Day,19950427,2528
date.Day,1994-02-20,2540
date.SK_Day,19950426,2429
date.Day,1994-02-21,2470
account.account_id,9201,1100
account.account_id,9203,1155
account.account_id,9208,1118
date.Day,1993-03-22,2539
date.Day,1993-03-23,2553
date.Day,1993-03-24,2486
date.Day,1993-03-25,2544
date.Day,1993-03-20,2543
date.Day,1993-03-21,2517
date.Day,1993-03-26,2454
date.Day,1993-03-27,2517
date.Day,1993-03-28,2487
date.SK_Day,19961127,2461
date.SK_Day,19961128,2406
date.SK_Day,19961125,2551
date.SK_Day,19961126,2466
date.SK_Day,19961123,2414
date.SK_Day,19961124,2580
date.SK_Day,19961121,2482
account.account_id,9225,1116
date.SK_Day,19961122,2543
account.account_id,9227,1140
date.SK_Day,19961120,2471
date.SK_Day,19961116,2456
date.SK_Day,19961117,2513
date.SK_Day,19961114,2422
date.SK_Day,19961115,2402
date.SK_Day,19961112,2465
date.SK_Day,19961113,2506
account.account_id,9235,1104
date.SK_Day,19961110,2457
account.account_id,9236,1035
date.SK_Day,19961111,2542
date.SK_Day,19961118,2508
date.SK_Day,19961119,2462
account.account_id,10728,1165
account.account_id,10711,1136
account.account_id,10710,1073
account.account_id,3063,1078
account.account_id,3062,1107
account.account_id,3064,1139
account.account_id,3061,1085
account.account_id,3060,1185
date.Day,1998-07-11,2512
date.Day,1998-07-10,2491
date.Day,1998-07-13,2410
date.Day,1998-07-12,2477
account.account_id,3067,1127
account.account_id,3066,1010
account.account_id,3069,1205
account.account_id,3068,1132
date.Day,1998-07-19,2486
date.Day,1998-07-18,2549
date.Day,1998-07-15,2343
date.Day,1998-07-14,2518
date.Day,1998-07-17,2443
date.Day,1998-07-16,2564
account.account_id,10738,1121
account.account_id,3074,1123
account.account_id,3076,1099
account.account_id,3075,1162
account.account_id,3070,1147
account.account_id,3072,1195
account.account_id,3071,1136
date.Day,1998-07-02,2395
date.Day,1998-07-01,2493
account.account_id,3078,1108
account.account_id,3077,1038
account.account_id,3079,1125
account.district_name,Breclav,48908
date.Day,1998-07-08,2470
date.Day,1998-07-07,2518
date.Day,1998-07-09,2566
date.Day,1998-07-04,2346
date.Day,1998-07-03,2480
date.Day,1998-07-06,2468
date.Day,1998-07-05,2528
account.account_id,3085,1107
account.account_id,3084,1132
account.account_id,3087,1092
account.account_id,3086,1153
account.account_id,3080,1165
account.account_id,3083,1080
account.account_id,3082,1079
account.account_id,10762,1141
account.account_id,3089,1119
account.account_id,3088,1090
account.account_id,3090,1054
date.Day,1995-06-03,2563
date.Day,1995-06-04,2454
date.Day,1995-06-01,2620
date.Day,1995-06-02,2579
account.account_id,3096,1012
date.Day,1995-06-07,2517
date.Day,1995-06-08,2474
account.account_id,3098,1077
date.Day,1995-06-05,2547
account.account_id,3097,1116
date.Day,1995-06-06,2425
account.account_id,3092,1118
account.account_id,3091,1094
account.account_id,3094,1118
account.district_name,Brno - mesto,142662
date.Day,1995-06-09,2534
account.account_id,3093,1116
date.Day,1998-07-22,2477
date.Day,1998-07-21,2554
date.Day,1998-07-24,2516
date.Day,1998-07-23,2466
account.account_id,3099,1149
date.Day,1998-07-20,2507
date.Day,1998-07-26,2466
date.Day,1998-07-25,2551
date.Day,1998-07-28,2454
date.Day,1998-07-27,2512
date.Day,1995-06-10,2497
date.Day,1995-06-11,2457
date.Day,1995-06-14,2556
date.Day,1995-06-15,2564
date.Day,1995-06-12,2508
date.Day,1995-06-13,2481
date.Day,1995-06-18,2498
account.account_id,4352,1090
date.Day,1995-06-19,2385
account.account_id,3021,1138
date.Day,1995-06-16,2498
account.account_id,3020,1088
account.account_id,4350,1114
date.Day,1995-06-17,2552
account.account_id,3027,1094
account.account_id,3026,1103
account.account_id,3029,1103
account.account_id,3028,1078
account.account_id,4358,1145
account.account_id,3023,1132
account.account_id,4355,1160
date.Day,1994-07-07,2558
account.account_id,4356,1136
account.account_id,3022,1098
date.Day,1994-07-08,2424
account.account_id,3025,1116
date.Day,1994-07-09,2510
account.account_id,3024,1088
account.account_id,4354,1114
date.Day,1994-07-03,2430
date.Day,1994-07-04,2526
date.Day,1994-07-05,2413
account.account_id,10789,1210
date.Day,1994-07-06,2462
account.account_id,10788,1102
date.SK_Day,19970904,2558
date.SK_Day,19970903,2390
date.SK_Day,19970902,2330
date.Day,1994-07-01,2453
date.SK_Day,19970901,2417
date.Day,1994-07-02,2467
date.SK_Day,19970908,2464
date.Day,1995-06-21,2473
date.SK_Day,19970907,2464
date.Day,1995-06-22,2472
date.SK_Day,19970906,2538
date.SK_Day,19970905,2525
date.Day,1994-07-20,2533
date.Day,1995-06-20,2537
date.Day,1995-06-25,2525
date.Day,1995-06-26,2462
date.Day,1995-06-23,2505
date.SK_Day,19970909,2486
date.Day,1995-06-24,2556
account.account_id,3030,1087
account.account_id,3032,1091
date.Day,1995-06-27,2442
account.account_id,4361,1155
account.account_id,5692,1121
account.account_id,3031,1181
date.Day,1995-06-28,2439
account.account_id,3038,1139
account.account_id,3037,1135
account.account_id,4368,1121
account.account_id,3039,1083
date.Day,1994-07-18,2506
account.account_id,3033,1091
account.account_id,5698,1086
date.Day,1994-07-19,2491
account.account_id,3036,1084
account.account_id,3035,1044
date.SK_Day,19970911,2552
date.Day,1994-07-14,2464
date.SK_Day,19970910,2552
date.Day,1994-07-15,2467
date.Day,1994-07-16,2480
account.region,north Bohemia,506825
date.Day,1994-07-17,2467
date.SK_Day,19970915,2463
date.Day,1994-07-10,2508
date.SK_Day,19970914,2512
date.Day,1994-07-11,2510
date.SK_Day,19970913,2486
date.Day,1994-07-12,2455
account.account_id,10774,1100
date.SK_Day,19970912,2544
date.Day,1994-07-13,2568
date.SK_Day,19970919,2532
date.SK_Day,19970918,2495
date.SK_Day,19970917,2510
date.SK_Day,19970916,2513
account.account_id,3041,1024
account.account_id,3040,1114
account.account_id,3043,1082
account.account_id,3042,1077
account.account_id,3049,1085
account.account_id,3048,1098
account.account_id,4379,1080
account.account_id,3045,1078
account.account_id,4377,1117
account.account_id,3044,1067
account.account_id,4375,1153
account.account_id,3047,1109
account.account_id,3046,1131
date.SK_Day,19970922,2503
date.Day,1994-07-25,2399
date.SK_Day,19970921,2499
date.Day,1994-07-26,2457
date.SK_Day,19970920,2508
date.Day,1994-07-27,2417
date.Day,1994-07-28,2447
date.SK_Day,19970926,2513
date.Day,1994-07-21,2488
date.SK_Day,19970925,2403
date.Day,1994-07-22,2452
date.SK_Day,19970924,2488
date.Day,1994-07-23,2419
date.SK_Day,19970923,2563
date.Day,1994-07-24,2481
date.SK_Day,19970928,2486
date.SK_Day,19970927,2510
account.account_id,3052,1089
account.account_id,3051,1079
account.account_id,4385,1087
account.account_id,3053,1215
account.account_id,4383,1111
account.account_id,3050,1122
account.account_id,3059,1083
account.account_id,3056,1143
account.account_id,3055,1170
account.account_id,4389,1127
account.account_id,3058,1128
account.account_id,4386,1070
account.account_id,3057,1077
account.account_id,10799,1080
account.account_id,3104,1073
account.account_id,5767,1097
account.account_id,4437,1125
account.account_id,3103,1104
account.account_id,4434,1122
account.account_id,3106,1190
account.account_id,3105,1119
account.account_id,3100,1161
account.account_id,3102,1164
account.account_id,3101,1114
account.account_id,3108,1172
account.account_id,3107,1092
account.account_id,4438,1112
account.account_id,4439,1097
account.account_id,3109,1133
account.account_id,3115,1094
account.account_id,4447,1089
account.account_id,3114,1074
account.account_id,4448,1094
account.account_id,3117,1099
account.account_id,4445,1141
account.account_id,3116,1049
account.account_id,5774,1145
account.account_id,3111,1156
account.account_id,3110,1128
account.account_id,3113,1115
account.account_id,3112,1132
account.account_id,4442,1126
account.account_id,3119,1136
account.account_id,3118,1089
account.account_id,3120,1079
account.account_id,4458,1145
account.account_id,3126,1121
account.account_id,3125,1104
account.account_id,3128,1083
account.account_id,4456,1148
account.account_id,3127,1135
account.account_id,4454,1079
account.account_id,3122,1136
account.account_id,3121,1173
account.account_id,3124,1102
account.account_id,3129,1095
date.Day,1996-11-28,2539
account.account_id,4462,1062
account.account_id,3131,1128
account.account_id,3130,1172
account.account_id,3137,1166
account.account_id,3136,1104
account.account_id,4467,1083
account.account_id,3139,1132
account.account_id,3138,1077
account.account_id,3133,1109
account.account_id,3132,1139
account.account_id,5794,1127
account.account_id,4463,1134
account.account_id,3135,1194
account.account_id,3134,1111
date.Day,1996-11-24,2464
date.Day,1996-11-25,2537
date.Day,1996-11-26,2411
date.Day,1996-11-27,2573
date.Day,1996-11-20,2539
date.Day,1996-11-21,2384
date.Day,1996-11-22,2503
date.Day,1996-11-23,2486
date.Day,1996-11-17,2518
date.Day,1996-11-18,2455
date.SK_Day,19980301,2446
date.Day,1996-11-19,2496
date.SK_Day,19980303,2538
date.SK_Day,19980302,2457
date.SK_Day,19980305,2456
date.SK_Day,19980304,2445
date.SK_Day,19980307,2539
date.SK_Day,19980306,2386
date.SK_Day,19980309,2482
date.SK_Day,19980308,2439
account.account_id,5724,1139
date.Day,1996-11-13,2453
date.Day,1996-11-14,2518
date.Day,1996-11-15,2452
date.Day,1996-11-16,2491
date.Day,1996-11-10,2395
date.Day,1996-11-11,2432
account.account_id,5726,1079
date.Day,1996-11-12,2497
date.SK_Day,19980310,2473
date.Day,1996-11-06,2429
date.Day,1996-11-07,2515
date.SK_Day,19980312,2415
date.Day,1996-11-08,2486
date.SK_Day,19980311,2512
date.Day,1996-11-09,2585
date.SK_Day,19980314,2491
date.SK_Day,19980313,2562
date.SK_Day,19980316,2433
date.SK_Day,19980315,2424
date.SK_Day,19980318,2521
date.SK_Day,19980317,2529
date.SK_Day,19980319,2449
account.account_id,5735,1152
date.Day,1996-11-02,2459
date.Day,1996-11-03,2519
date.Day,1996-11-04,2429
date.Day,1996-11-05,2462
account.account_id,4408,1128
account.account_id,4405,1131
date.Day,1996-11-01,2437
date.Day,1997-03-27,2532
date.Day,1997-03-26,2588
date.Day,1997-03-28,2518
date.SK_Day,19980321,2527
date.Day,1997-03-23,2512
date.SK_Day,19980320,2497
date.Day,1997-03-22,2509
date.SK_Day,19980323,2435
date.Day,1997-03-25,2492
date.SK_Day,19980322,2573
date.Day,1997-03-24,2434
date.SK_Day,19980325,2511
date.SK_Day,19980324,2591
date.SK_Day,19980327,2426
date.Day,1997-03-21,2519
date.SK_Day,19980326,2563
date.Day,1997-03-20,2478
date.SK_Day,19980328,2450
account.account_id,4414,1153
account.account_id,4415,1064
account.account_id,4413,1103
account.account_id,5742,1088
account.account_id,5740,1132
account.account_id,4418,1069
account.account_id,4416,1169
account.account_id,4423,1098
account.account_id,4424,1073
account.account_id,5758,1163
account.account_id,4427,1089
date.Day,1997-03-05,2536
date.Day,1997-03-04,2530
date.Day,1997-03-07,2486
date.Day,1997-03-06,2368
date.Day,1997-03-01,2448
date.Day,1997-03-03,2522
date.Day,1997-03-02,2430
account.district_name,Klatovy,46723
date.Day,1997-03-09,2507
date.Day,1997-03-08,2442
date.Day,1997-03-16,2537
date.Day,1997-03-15,2451
date.Day,1997-03-18,2475
date.Day,1997-03-17,2473
account.district_name,Ostrava - mesto,149580
date.Day,1997-03-12,2521
date.Day,1997-03-11,2441
date.Day,1997-03-14,2465
date.Day,1997-03-13,2519
date.Day,1997-03-10,2414
date.SK_Day,19950524,2432
date.SK_Day,19950523,2476
date.SK_Day,19950522,2466
date.SK_Day,19950521,2496
date.SK_Day,19950520,2444
date.SK_Day,19950528,2474
date.SK_Day,19950527,2436
date.Day,1997-03-19,2551
date.SK_Day,19950526,2440
date.SK_Day,19950525,2416
date.SK_Day,19950513,2469
date.SK_Day,19950512,2405
date.SK_Day,19950511,2336
account.account_id,5700,1089
date.SK_Day,19950510,2564
date.SK_Day,19950519,2490
account.account_id,5708,1121
date.SK_Day,19950518,2512
date.SK_Day,19950517,2464
date.SK_Day,19950516,2496
date.SK_Day,19950515,2431
date.SK_Day,19950514,2480
date.SK_Day,19950502,2459
date.SK_Day,19950501,2544
date.SK_Day,19950509,2483
date.SK_Day,19950508,2506
date.SK_Day,19950507,2517
date.SK_Day,19950506,2398
date.SK_Day,19950505,2400
date.SK_Day,19950504,2415
date.SK_Day,19950503,2432
date.SK_Day,19961226,2503
account.account_id,9241,1110
date.SK_Day,19961227,2525
account.account_id,9242,1068
date.SK_Day,19961224,2457
date.SK_Day,19961225,2527
date.SK_Day,19961222,2515
date.SK_Day,19961223,2536
date.SK_Day,19961220,2475
date.SK_Day,19961221,2562
date.SK_Day,19961228,2490
date.SK_Day,19961215,2545
date.SK_Day,19961216,2413
date.SK_Day,19961213,2502
date.SK_Day,19961214,2482
date.SK_Day,19961211,2463
date.SK_Day,19961212,2494
date.SK_Day,19961210,2501
date.SK_Day,19961219,2403
date.SK_Day,19961217,2424
date.SK_Day,19961218,2462
date.SK_Day,19961204,2430
account.account_id,9263,1145
date.SK_Day,19961205,2511
date.SK_Day,19961202,2490
account.account_id,9265,1164
date.SK_Day,19961203,2436
date.SK_Day,19961201,2395
date.SK_Day,19961208,2457
date.SK_Day,19961209,2484
date.SK_Day,19961206,2461
date.SK_Day,19961207,2484
date.Day,1993-03-11,2417
date.Day,1993-03-12,2511
date.Day,1993-03-13,2544
date.Day,1993-03-14,2436
date.Day,1993-03-10,2499
date.Day,1993-03-19,2502
date.Day,1993-03-15,2386
date.Day,1993-03-16,2528
date.Day,1993-03-17,2497
date.Day,1993-03-18,2483
date.Day,1993-03-01,2575
date.Day,1993-03-02,2453
date.Day,1993-03-03,2459
date.Day,1993-03-08,2499
date.Day,1993-03-09,2546
date.Day,1993-03-04,2522
date.Day,1993-03-05,2472
date.Day,1993-03-06,2464
date.Day,1993-03-07,2480
